type,date time,latitude,longitude,accuracy(m),altitude(m),geoid_height(m),speed(m/s),bearing(deg),sat_used,sat_inview,name,desc
T,2025-10-21 16:26:12,51.52711524,0.12063532,3.99,41.238,,8.330,98,21,41,20251021-172612,GPS Logger: 20251021-172612 - Car drive 1
T,2025-10-21 16:26:13,51.52710472,0.12075785,3.79,40.960,,8.280,98,22,41,,
T,2025-10-21 16:26:14,51.52709723,0.12088391,3.79,41.608,,8.420,98,23,41,,
T,2025-10-21 16:26:15,51.52708647,0.12100839,3.79,41.744,,9.070,98,23,41,,
T,2025-10-21 16:26:16,51.52708131,0.12113545,3.79,41.963,,9.150,98,21,41,,
T,2025-10-21 16:26:17,51.52707065,0.12126640,3.79,41.280,,9.300,98,21,41,,
T,2025-10-21 16:26:18,51.52705927,0.12139674,3.79,41.273,,9.160,98,21,41,,
T,2025-10-21 16:26:19,51.52704296,0.12153117,3.79,40.257,,9.100,99,21,41,,
T,2025-10-21 16:26:20,51.52702840,0.12165786,3.79,39.807,,9.030,100,21,41,,
T,2025-10-21 16:26:21,51.52701434,0.12179063,3.79,40.132,,9.570,98,22,41,,
T,2025-10-21 16:26:22,51.52699608,0.12193753,3.79,39.930,,10.410,96,22,41,,
T,2025-10-21 16:26:23,51.52699016,0.12208702,3.79,39.344,,11.660,97,24,41,,
T,2025-10-21 16:26:24,51.52697640,0.12224727,3.79,39.165,,12.000,99,24,41,,
T,2025-10-21 16:26:25,51.52696376,0.12241674,3.79,38.661,,12.670,98,24,41,,
T,2025-10-21 16:26:26,51.52694795,0.12259265,3.79,38.842,,12.630,99,24,41,,
T,2025-10-21 16:26:27,51.52693133,0.12275420,3.79,38.508,,10.780,99,23,41,,
T,2025-10-21 16:26:28,51.52691761,0.12289403,3.79,39.258,,8.780,103,21,41,,
T,2025-10-21 16:26:29,51.52690114,0.12301278,3.79,39.862,,6.750,103,19,41,,
T,2025-10-21 16:26:30,51.52688519,0.12309713,3.79,40.589,,4.850,106,20,41,,
T,2025-10-21 16:26:31,51.52687351,0.12316282,3.79,41.131,,4.230,100,23,41,,
T,2025-10-21 16:26:32,51.52686704,0.12318396,3.79,41.259,,1.560,104,23,41,,
T,2025-10-21 16:26:33,51.52685840,0.12320283,3.79,42.276,,1.710,105,24,41,,
T,2025-10-21 16:26:34,51.52685484,0.12322964,4.08,42.552,,1.740,105,24,41,,
T,2025-10-21 16:26:35,51.52684773,0.12326554,4.80,43.882,,1.060,104,23,41,,
T,2025-10-21 16:26:36,51.52684756,0.12328133,5.65,45.232,,0.930,104,22,41,,
T,2025-10-21 16:26:37,51.52684597,0.12327074,5.83,45.956,,0.180,104,18,41,,
T,2025-10-21 16:26:38,51.52684575,0.12328361,6.68,46.227,,0.350,104,18,41,,
T,2025-10-21 16:26:39,51.52684002,0.12331307,7.79,45.748,,0.630,104,15,41,,
T,2025-10-21 16:26:40,51.52683995,0.12331134,7.17,45.737,,0.000,,14,41,,
T,2025-10-21 16:26:41,51.52683835,0.12331372,6.84,45.790,,0.000,,14,41,,
T,2025-10-21 16:26:42,51.52683531,0.12332084,6.51,46.258,,0.000,,12,41,,
T,2025-10-21 16:26:43,51.52683417,0.12332537,6.69,46.343,,0.000,,13,41,,
T,2025-10-21 16:26:44,51.52683288,0.12332849,6.85,47.078,,0.000,,13,41,,
T,2025-10-21 16:26:45,51.52681404,0.12343597,7.03,47.257,,5.180,106,14,41,,
T,2025-10-21 16:26:46,51.52680085,0.12352228,6.26,47.539,,6.130,103,15,41,,
T,2025-10-21 16:26:47,51.52679137,0.12358495,5.89,47.576,,5.840,104,15,41,,
T,2025-10-21 16:26:48,51.52679627,0.12360639,4.32,45.064,,6.540,104,19,41,,
T,2025-10-21 16:26:49,51.52678394,0.12369856,3.80,44.984,,7.360,104,17,41,,
T,2025-10-21 16:26:50,51.52677171,0.12379192,3.79,44.256,,7.470,105,17,41,,
T,2025-10-21 16:26:51,51.52675938,0.12389386,3.79,43.679,,7.790,104,16,41,,
T,2025-10-21 16:26:52,51.52674034,0.12399147,3.79,43.826,,7.980,105,15,41,,
T,2025-10-21 16:26:53,51.52671774,0.12411084,3.79,43.666,,8.640,108,17,41,,
T,2025-10-21 16:26:54,51.52669061,0.12425718,3.79,41.258,,9.400,108,16,41,,
T,2025-10-21 16:26:55,51.52666097,0.12439731,3.79,41.745,,10.440,110,16,41,,
T,2025-10-21 16:26:56,51.52663427,0.12453285,3.79,41.851,,10.060,109,16,41,,
T,2025-10-21 16:26:57,51.52661227,0.12466531,3.79,41.393,,10.110,107,16,41,,
T,2025-10-21 16:26:58,51.52659064,0.12480793,3.79,41.651,,10.860,105,16,41,,
T,2025-10-21 16:26:59,51.52656656,0.12496081,3.79,41.958,,11.100,105,16,41,,
T,2025-10-21 16:27:00,51.52654340,0.12512004,3.79,42.408,,11.170,103,18,41,,
T,2025-10-21 16:27:01,51.52652867,0.12527913,3.79,42.388,,11.140,99,18,41,,
T,2025-10-21 16:27:02,51.52651183,0.12544580,3.79,42.118,,11.750,98,18,41,,
T,2025-10-21 16:27:03,51.52649057,0.12561499,3.79,41.990,,12.170,101,18,41,,
T,2025-10-21 16:27:04,51.52646692,0.12578361,3.79,41.870,,12.040,102,18,41,,
T,2025-10-21 16:27:05,51.52644096,0.12595214,3.79,42.672,,11.740,105,17,41,,
T,2025-10-21 16:27:06,51.52641444,0.12611052,3.79,42.762,,10.910,106,17,41,,
T,2025-10-21 16:27:07,51.52639325,0.12624921,3.79,42.548,,9.960,105,17,41,,
T,2025-10-21 16:27:08,51.52637331,0.12638864,3.79,42.452,,9.880,104,17,41,,
T,2025-10-21 16:27:09,51.52635082,0.12653196,3.79,42.209,,10.170,104,16,41,,
T,2025-10-21 16:27:10,51.52632973,0.12668034,9.94,42.134,,10.470,103,15,41,,
T,2025-10-21 16:27:11,51.52630936,0.12682552,9.94,41.852,,10.680,104,14,41,,
T,2025-10-21 16:27:12,51.52628546,0.12697260,9.94,41.817,,10.650,106,15,41,,
T,2025-10-21 16:27:13,51.52626267,0.12711729,9.94,41.327,,10.670,105,16,41,,
T,2025-10-21 16:27:14,51.52623368,0.12726145,9.94,41.415,,10.780,107,17,41,,
T,2025-10-21 16:27:15,51.52620006,0.12741928,9.94,39.611,,10.800,108,17,41,,
T,2025-10-21 16:27:16,51.52617032,0.12756304,9.94,39.520,,10.860,112,17,41,,
T,2025-10-21 16:27:17,51.52613261,0.12771140,9.94,40.029,,10.940,115,18,41,,
T,2025-10-21 16:27:18,51.52609316,0.12785413,9.94,39.918,,11.130,117,18,41,,
T,2025-10-21 16:27:19,51.52604566,0.12799550,9.94,40.516,,11.450,119,18,41,,
T,2025-10-21 16:27:20,51.52599612,0.12813605,9.94,40.025,,11.440,120,18,41,,
T,2025-10-21 16:27:21,51.52594564,0.12827083,9.94,39.990,,11.180,122,18,41,,
T,2025-10-21 16:27:22,51.52589070,0.12840164,9.94,39.875,,10.820,124,18,41,,
T,2025-10-21 16:27:23,51.52583622,0.12853304,9.94,39.057,,10.490,125,17,41,,
T,2025-10-21 16:27:24,51.52578085,0.12865926,9.94,37.929,,10.200,126,17,41,,
T,2025-10-21 16:27:25,51.52572789,0.12877527,9.94,38.079,,9.920,126,17,41,,
T,2025-10-21 16:27:26,51.52566804,0.12889182,9.94,38.116,,10.490,129,17,41,,
T,2025-10-21 16:27:27,51.52560174,0.12902162,9.94,37.737,,11.570,130,18,41,,
T,2025-10-21 16:27:28,51.52553003,0.12914296,9.94,38.147,,12.110,134,18,41,,
T,2025-10-21 16:27:29,51.52545971,0.12927758,9.94,38.553,,11.960,134,18,41,,
T,2025-10-21 16:27:30,51.52538518,0.12940162,9.94,39.159,,12.270,134,18,41,,
T,2025-10-21 16:27:31,51.52530738,0.12953324,9.94,40.240,,12.470,135,17,41,,
T,2025-10-21 16:27:32,51.52522406,0.12965512,9.94,40.725,,12.740,137,17,41,,
T,2025-10-21 16:27:33,51.52514147,0.12977658,9.94,40.932,,12.830,137,15,41,,
T,2025-10-21 16:27:34,51.52506320,0.12989384,9.94,41.009,,13.090,136,15,41,,
T,2025-10-21 16:27:35,51.52498042,0.13002863,9.94,41.589,,13.670,133,14,41,,
T,2025-10-21 16:27:36,51.52489192,0.13017219,9.94,42.141,,13.820,134,14,41,,
T,2025-10-21 16:27:37,51.52480292,0.13031988,9.94,42.531,,13.710,133,15,41,,
T,2025-10-21 16:27:38,51.52472723,0.13046021,9.94,42.982,,13.600,131,15,41,,
T,2025-10-21 16:27:39,51.52464897,0.13060044,9.94,43.304,,13.480,131,16,41,,
T,2025-10-21 16:27:40,51.52456888,0.13075058,9.94,43.546,,13.640,130,16,41,,
T,2025-10-21 16:27:41,51.52449176,0.13091007,9.94,43.395,,13.790,128,17,41,,
T,2025-10-21 16:27:42,51.52441594,0.13106172,9.94,43.383,,13.760,126,18,41,,
T,2025-10-21 16:27:43,51.52433522,0.13121470,9.94,43.999,,13.570,125,18,41,,
T,2025-10-21 16:27:44,51.52426470,0.13137957,9.94,44.473,,13.480,124,19,41,,
T,2025-10-21 16:27:45,51.52419963,0.13154021,9.94,44.258,,13.260,123,19,41,,
T,2025-10-21 16:27:46,51.52413603,0.13170061,9.94,44.120,,13.060,121,19,41,,
T,2025-10-21 16:27:47,51.52407357,0.13186211,9.94,44.133,,12.900,120,19,41,,
T,2025-10-21 16:27:48,51.52401989,0.13202304,9.94,44.290,,12.780,119,18,41,,
T,2025-10-21 16:27:49,51.52396418,0.13219127,9.94,44.171,,13.020,117,18,41,,
T,2025-10-21 16:27:50,51.52391354,0.13235886,9.94,44.090,,13.260,116,18,41,,
T,2025-10-21 16:27:51,51.52386256,0.13253424,9.94,44.257,,13.100,115,18,40,,
T,2025-10-21 16:27:52,51.52381899,0.13270680,9.94,44.177,,12.910,114,18,41,,
T,2025-10-21 16:27:53,51.52377599,0.13288295,9.94,45.166,,12.500,112,18,41,,
T,2025-10-21 16:27:54,51.52373638,0.13304644,9.94,45.575,,11.950,111,19,41,,
T,2025-10-21 16:27:55,51.52369566,0.13321368,9.94,45.629,,12.150,111,20,41,,
T,2025-10-21 16:27:56,51.52365735,0.13337592,9.94,45.101,,12.380,111,21,41,,
T,2025-10-21 16:27:57,51.52362554,0.13353723,9.94,45.075,,12.160,108,21,41,,
T,2025-10-21 16:27:58,51.52359568,0.13370121,9.94,44.830,,12.370,107,21,41,,
T,2025-10-21 16:27:59,51.52356364,0.13387073,9.94,44.969,,12.280,107,22,41,,
T,2025-10-21 16:28:00,51.52352439,0.13403256,9.94,45.234,,12.390,107,22,41,,
T,2025-10-21 16:28:01,51.52349569,0.13419779,9.94,45.665,,12.020,106,23,41,,
T,2025-10-21 16:28:02,51.52346372,0.13435782,9.94,45.832,,11.630,106,21,41,,
T,2025-10-21 16:28:03,51.52343135,0.13451989,9.94,45.505,,11.430,107,21,41,,
T,2025-10-21 16:28:04,51.52340448,0.13466997,9.94,45.340,,10.940,106,22,41,,
T,2025-10-21 16:28:05,51.52337918,0.13481479,9.94,45.615,,10.430,106,23,41,,
T,2025-10-21 16:28:06,51.52335365,0.13496357,9.94,45.249,,10.430,106,23,41,,
T,2025-10-21 16:28:07,51.52333093,0.13511433,9.94,45.225,,10.710,106,23,41,,
T,2025-10-21 16:28:08,51.52330364,0.13526411,9.94,45.487,,10.770,105,23,41,,
T,2025-10-21 16:28:09,51.52327763,0.13541672,9.94,45.461,,10.860,104,23,41,,
T,2025-10-21 16:28:10,51.52325565,0.13556693,9.94,45.271,,10.900,104,22,41,,
T,2025-10-21 16:28:11,51.52323278,0.13571702,9.94,45.343,,11.120,104,22,41,,
T,2025-10-21 16:28:12,51.52321365,0.13587050,9.94,45.358,,11.270,103,20,41,,
T,2025-10-21 16:28:13,51.52319228,0.13602623,9.94,44.731,,11.330,103,21,41,,
T,2025-10-21 16:28:14,51.52317060,0.13618210,9.94,44.763,,11.100,102,20,41,,
T,2025-10-21 16:28:15,51.52314920,0.13633765,9.94,44.581,,10.950,102,20,41,,
T,2025-10-21 16:28:16,51.52312839,0.13649769,9.94,44.493,,11.230,102,21,41,,
T,2025-10-21 16:28:17,51.52310870,0.13665444,9.94,44.530,,11.210,101,21,41,,
T,2025-10-21 16:28:18,51.52308966,0.13681600,9.94,44.678,,11.240,101,18,41,,
T,2025-10-21 16:28:19,51.52306975,0.13697317,9.94,44.361,,10.960,101,19,41,,
T,2025-10-21 16:28:20,51.52305117,0.13712289,9.94,44.681,,10.820,102,17,41,,
T,2025-10-21 16:28:21,51.52302747,0.13728104,9.94,44.706,,10.500,103,19,41,,
T,2025-10-21 16:28:22,51.52300705,0.13742719,9.94,43.510,,10.280,104,20,41,,
T,2025-10-21 16:28:23,51.52298581,0.13756734,9.94,43.278,,10.520,104,21,41,,
T,2025-10-21 16:28:24,51.52296447,0.13772760,9.94,42.519,,10.460,103,23,41,,
T,2025-10-21 16:28:25,51.52294291,0.13788050,9.97,42.225,,10.810,103,23,41,,
T,2025-10-21 16:28:26,51.52291745,0.13803249,9.96,42.603,,11.190,104,23,41,,
T,2025-10-21 16:28:27,51.52289167,0.13818930,9.99,42.139,,11.100,105,23,41,,
T,2025-10-21 16:28:28,51.52286841,0.13833655,10.04,42.254,,11.090,105,21,41,,
T,2025-10-21 16:28:29,51.52284830,0.13849080,10.03,41.652,,10.730,103,21,41,,
T,2025-10-21 16:28:30,51.52283035,0.13864044,10.04,41.557,,10.390,100,20,41,,
T,2025-10-21 16:28:31,51.52281124,0.13878224,10.01,41.322,,10.130,101,22,41,,
T,2025-10-21 16:28:32,51.52279725,0.13892026,10.01,41.449,,9.820,102,21,39,,
T,2025-10-21 16:28:33,51.52278785,0.13905051,10.02,41.142,,8.750,102,21,39,,
T,2025-10-21 16:28:34,51.52277427,0.13917304,10.03,41.323,,7.900,101,21,39,,
T,2025-10-21 16:28:35,51.52276077,0.13928600,9.97,41.572,,7.640,99,19,39,,
T,2025-10-21 16:28:36,51.52275697,0.13939692,9.94,41.934,,7.270,95,19,39,,
T,2025-10-21 16:28:37,51.52274927,0.13948827,9.94,41.362,,5.350,88,19,39,,
T,2025-10-21 16:28:38,51.52275313,0.13955498,9.94,41.547,,4.090,81,19,39,,
T,2025-10-21 16:28:39,51.52275650,0.13960430,9.94,40.961,,2.490,76,20,39,,
T,2025-10-21 16:28:40,51.52276008,0.13961541,9.94,40.939,,0.460,81,21,39,,
T,2025-10-21 16:28:41,51.52276115,0.13962804,9.94,41.251,,0.780,81,21,39,,
T,2025-10-21 16:28:42,51.52276279,0.13964136,9.94,40.857,,0.820,81,20,39,,
T,2025-10-21 16:28:43,51.52276695,0.13967657,9.94,41.138,,2.900,76,20,39,,
T,2025-10-21 16:28:44,51.52277843,0.13973515,10.00,41.235,,4.900,71,19,39,,
T,2025-10-21 16:28:45,51.52280933,0.13978503,9.94,40.592,,6.480,55,19,39,,
T,2025-10-21 16:28:46,51.52283603,0.13983655,9.94,40.234,,5.790,41,19,39,,
T,2025-10-21 16:28:47,51.52288019,0.13988252,9.94,40.734,,6.330,27,19,39,,
T,2025-10-21 16:28:48,51.52293980,0.13991706,9.94,40.522,,7.210,15,20,39,,
T,2025-10-21 16:28:49,51.52300683,0.13993575,9.94,40.929,,8.920,4,20,39,,
T,2025-10-21 16:28:50,51.52308829,0.13996056,9.94,41.057,,10.020,9,21,39,,
T,2025-10-21 16:28:51,51.52318244,0.13998929,9.94,40.600,,11.160,11,20,39,,
T,2025-10-21 16:28:52,51.52329218,0.14001956,9.94,40.675,,13.430,9,20,39,,
T,2025-10-21 16:28:53,51.52339695,0.14004471,9.94,40.847,,11.710,10,22,39,,
T,2025-10-21 16:28:54,51.52351122,0.14007337,10.17,40.882,,12.790,9,21,39,,
T,2025-10-21 16:28:55,51.52361891,0.14010814,10.64,41.031,,12.360,11,20,39,,
T,2025-10-21 16:28:56,51.52372482,0.14013593,10.98,41.378,,12.300,11,20,39,,
T,2025-10-21 16:28:57,51.52383566,0.14015891,10.86,41.223,,12.150,9,20,39,,
T,2025-10-21 16:28:58,51.52394286,0.14018370,11.05,41.400,,12.030,9,19,39,,
T,2025-10-21 16:28:59,51.52406599,0.14020973,11.27,41.131,,13.120,8,14,39,,
T,2025-10-21 16:29:00,51.52415062,0.14023689,11.52,41.148,,10.950,10,14,39,,
T,2025-10-21 16:29:01,51.52427761,0.14027629,11.45,41.253,,13.760,13,14,39,,
T,2025-10-21 16:29:02,51.52442611,0.14030950,10.62,41.987,,14.580,7,17,39,,
T,2025-10-21 16:29:03,51.52454810,0.14036004,10.39,41.042,,14.300,10,20,39,,
T,2025-10-21 16:29:04,51.52467366,0.14039259,10.30,40.776,,14.780,9,21,39,,
T,2025-10-21 16:29:05,51.52481027,0.14042429,10.00,44.550,,14.680,9,24,39,,
T,2025-10-21 16:29:06,51.52494669,0.14045971,9.94,44.637,,15.550,9,24,39,,
T,2025-10-21 16:29:07,51.52508489,0.14049269,10.02,45.620,,15.870,9,24,39,,
T,2025-10-21 16:29:08,51.52523194,0.14052427,10.00,46.554,,15.770,10,24,39,,
T,2025-10-21 16:29:09,51.52537427,0.14056929,9.94,48.163,,15.950,12,24,39,,
T,2025-10-21 16:29:10,51.52551251,0.14061829,3.79,48.739,,15.530,16,24,39,,
T,2025-10-21 16:29:11,51.52563965,0.14067315,3.79,47.935,,15.110,16,23,39,,
T,2025-10-21 16:29:12,51.52576925,0.14073542,3.79,48.772,,14.610,17,24,39,,
T,2025-10-21 16:29:13,51.52589596,0.14079461,3.79,49.445,,14.510,16,24,39,,
T,2025-10-21 16:29:14,51.52602718,0.14084344,3.79,50.228,,14.810,14,24,39,,
T,2025-10-21 16:29:15,51.52615898,0.14089346,3.79,50.853,,15.220,14,24,39,,
T,2025-10-21 16:29:16,51.52629007,0.14094805,3.79,51.267,,14.740,14,24,39,,
T,2025-10-21 16:29:17,51.52641752,0.14099001,3.79,51.714,,14.200,13,24,39,,
T,2025-10-21 16:29:18,51.52653971,0.14102375,3.79,52.162,,13.630,11,24,39,,
T,2025-10-21 16:29:19,51.52665553,0.14105971,3.79,52.568,,13.210,10,24,39,,
T,2025-10-21 16:29:20,51.52677583,0.14108972,3.79,52.514,,13.400,8,24,39,,
T,2025-10-21 16:29:21,51.52690046,0.14111267,3.79,52.464,,13.780,7,24,39,,
T,2025-10-21 16:29:22,51.52702464,0.14113048,3.79,52.343,,13.780,6,24,39,,
T,2025-10-21 16:29:23,51.52714943,0.14115935,3.79,52.317,,13.870,6,24,39,,
T,2025-10-21 16:29:24,51.52727387,0.14117473,3.79,51.924,,13.620,5,24,39,,
T,2025-10-21 16:29:25,51.52739502,0.14118599,3.79,51.677,,13.570,2,24,39,,
T,2025-10-21 16:29:26,51.52752021,0.14118001,3.79,51.304,,13.730,358,24,39,,
T,2025-10-21 16:29:27,51.52764245,0.14116982,3.79,50.834,,13.750,355,24,39,,
T,2025-10-21 16:29:28,51.52776239,0.14114249,3.79,49.628,,13.530,349,24,39,,
T,2025-10-21 16:29:29,51.52788257,0.14110634,3.79,48.997,,13.480,345,25,39,,
T,2025-10-21 16:29:30,51.52799807,0.14104702,3.79,48.432,,13.490,341,25,39,,
T,2025-10-21 16:29:31,51.52810801,0.14097509,3.79,47.809,,13.500,335,25,39,,
T,2025-10-21 16:29:32,51.52821413,0.14088462,3.79,47.186,,13.200,331,24,39,,
T,2025-10-21 16:29:33,51.52832047,0.14078840,3.79,47.423,,13.330,329,24,39,,
T,2025-10-21 16:29:34,51.52841788,0.14067168,3.79,46.406,,13.250,323,24,39,,
T,2025-10-21 16:29:35,51.52851228,0.14055244,3.79,46.119,,13.370,322,24,39,,
T,2025-10-21 16:29:36,51.52860521,0.14042413,3.79,45.831,,13.390,319,22,39,,
T,2025-10-21 16:29:37,51.52868660,0.14029732,3.79,45.776,,12.670,314,20,39,,
T,2025-10-21 16:29:38,51.52875534,0.14017186,3.80,45.441,,11.160,309,20,39,,
T,2025-10-21 16:29:39,51.52881095,0.14005962,3.97,45.625,,8.970,306,21,39,,
T,2025-10-21 16:29:40,51.52885221,0.13995921,3.88,46.137,,7.050,305,21,39,,
T,2025-10-21 16:29:41,51.52888410,0.13987839,3.95,46.931,,5.410,302,20,39,,
T,2025-10-21 16:29:42,51.52890401,0.13981331,3.97,47.237,,3.880,296,21,39,,
T,2025-10-21 16:29:43,51.52892057,0.13977429,4.03,46.880,,2.140,308,21,39,,
T,2025-10-21 16:29:44,51.52892842,0.13974681,4.01,46.922,,1.510,303,21,39,,
T,2025-10-21 16:29:45,51.52893558,0.13972288,3.95,47.267,,0.670,303,21,39,,
T,2025-10-21 16:29:46,51.52893541,0.13971423,3.80,47.396,,0.530,303,21,39,,
T,2025-10-21 16:29:47,51.52893741,0.13971337,3.80,47.755,,0.340,303,20,39,,
T,2025-10-21 16:29:48,51.52894183,0.13969433,3.86,47.958,,1.520,303,19,39,,
T,2025-10-21 16:29:49,51.52895319,0.13965497,3.79,48.737,,3.660,298,19,39,,
T,2025-10-21 16:29:50,51.52896183,0.13960391,3.79,49.114,,4.500,287,20,39,,
T,2025-10-21 16:29:51,51.52899596,0.13952838,3.79,49.904,,6.940,301,21,39,,
T,2025-10-21 16:29:52,51.52901387,0.13944153,3.79,49.607,,6.790,287,21,39,,
T,2025-10-21 16:29:53,51.52902721,0.13935528,4.01,49.852,,6.530,284,21,39,,
T,2025-10-21 16:29:54,51.52905594,0.13926983,3.79,50.646,,6.540,291,21,39,,
T,2025-10-21 16:29:55,51.52908671,0.13919922,3.79,51.271,,6.300,303,21,39,,
T,2025-10-21 16:29:56,51.52911786,0.13912127,3.79,51.264,,7.160,302,21,39,,
T,2025-10-21 16:29:57,51.52915748,0.13904894,3.85,51.137,,6.670,305,21,39,,
T,2025-10-21 16:29:58,51.52920517,0.13895818,4.04,51.601,,6.890,308,21,39,,
T,2025-10-21 16:29:59,51.52925644,0.13888799,4.02,51.301,,7.470,314,21,39,,
T,2025-10-21 16:30:00,51.52931205,0.13881928,3.88,49.996,,8.180,320,21,39,,
T,2025-10-21 16:30:01,51.52937405,0.13875379,3.79,49.805,,8.570,326,22,39,,
T,2025-10-21 16:30:02,51.52943879,0.13870474,3.79,50.004,,8.350,333,22,39,,
T,2025-10-21 16:30:03,51.52951077,0.13866293,3.79,48.350,,7.930,339,22,39,,
T,2025-10-21 16:30:04,51.52957103,0.13863435,3.79,46.958,,7.210,343,24,39,,
T,2025-10-21 16:30:05,51.52963041,0.13860547,3.79,46.552,,6.660,345,23,39,,
T,2025-10-21 16:30:06,51.52968588,0.13858158,3.79,46.581,,5.900,345,24,39,,
T,2025-10-21 16:30:07,51.52972903,0.13856396,3.79,45.785,,4.250,341,24,39,,
T,2025-10-21 16:30:08,51.52977313,0.13853829,3.79,45.936,,4.960,340,24,39,,
T,2025-10-21 16:30:09,51.52981972,0.13852096,3.79,45.989,,5.260,344,24,39,,
T,2025-10-21 16:30:10,51.52985602,0.13850579,3.79,46.089,,3.840,347,24,39,,
T,2025-10-21 16:30:11,51.52989174,0.13848233,3.79,45.506,,4.220,339,24,39,,
T,2025-10-21 16:30:12,51.52988288,0.13849397,3.79,45.955,,0.750,348,24,39,,
T,2025-10-21 16:30:13,51.52988890,0.13849224,3.79,46.349,,0.550,348,24,39,,
T,2025-10-21 16:30:14,51.52989130,0.13849391,3.79,46.107,,0.000,,24,39,,
T,2025-10-21 16:30:15,51.52989294,0.13849472,3.79,46.137,,0.000,,24,39,,
T,2025-10-21 16:30:16,51.52989225,0.13850041,3.79,46.027,,0.000,,24,39,,
T,2025-10-21 16:30:17,51.52989091,0.13850210,3.79,46.369,,0.000,,23,39,,
T,2025-10-21 16:30:18,51.52989080,0.13850389,3.79,46.376,,0.000,,23,39,,
T,2025-10-21 16:30:19,51.52992081,0.13849109,3.79,45.962,,3.700,351,23,39,,
T,2025-10-21 16:30:20,51.52996719,0.13849204,3.79,46.835,,5.700,355,23,39,,
T,2025-10-21 16:30:21,51.53001605,0.13850002,3.79,46.965,,6.420,14,23,39,,
T,2025-10-21 16:30:22,51.53006575,0.13854985,3.79,46.950,,6.480,38,22,39,,
T,2025-10-21 16:30:23,51.53010601,0.13862933,3.79,46.340,,7.600,57,23,39,,
T,2025-10-21 16:30:24,51.53014372,0.13872941,3.79,46.395,,8.810,62,23,39,,
T,2025-10-21 16:30:25,51.53018642,0.13883525,3.79,46.406,,9.020,59,23,39,,
T,2025-10-21 16:30:26,51.53023086,0.13893964,3.79,46.397,,8.920,54,24,39,,
T,2025-10-21 16:30:27,51.53028792,0.13903717,3.79,46.443,,9.570,49,24,39,,
T,2025-10-21 16:30:28,51.53034820,0.13915686,3.79,46.121,,10.210,50,23,39,,
T,2025-10-21 16:30:29,51.53041663,0.13928029,4.09,45.779,,11.050,49,22,39,,
T,2025-10-21 16:30:30,51.53047573,0.13938267,3.79,45.055,,10.100,45,23,39,,
T,2025-10-21 16:30:31,51.53054608,0.13948420,3.79,44.945,,10.460,40,24,39,,
T,2025-10-21 16:30:32,51.53062178,0.13955885,3.79,44.696,,10.310,23,24,39,,
T,2025-10-21 16:30:33,51.53070420,0.13960587,3.79,45.101,,9.980,13,24,39,,
T,2025-10-21 16:30:34,51.53078051,0.13967200,3.79,44.724,,9.270,17,24,39,,
T,2025-10-21 16:30:35,51.53085325,0.13973305,3.79,44.933,,8.720,33,24,39,,
T,2025-10-21 16:30:36,51.53090743,0.13980967,3.79,44.768,,8.240,50,25,39,,
T,2025-10-21 16:30:37,51.53094279,0.13990466,3.79,45.022,,7.720,68,25,39,,
T,2025-10-21 16:30:38,51.53095540,0.14000078,3.79,44.478,,7.190,84,24,39,,
T,2025-10-21 16:30:39,51.53094605,0.14010496,3.79,44.321,,7.620,105,25,39,,
T,2025-10-21 16:30:40,51.53091291,0.14021310,3.79,43.920,,9.010,125,25,39,,
T,2025-10-21 16:30:41,51.53084843,0.14029836,3.79,44.408,,10.330,148,25,39,,
T,2025-10-21 16:30:42,51.53076171,0.14033834,3.79,43.453,,10.950,172,25,39,,
T,2025-10-21 16:30:43,51.53066798,0.14032123,3.79,43.403,,11.990,193,24,39,,
T,2025-10-21 16:30:44,51.53056599,0.14027265,3.79,42.817,,12.630,203,24,39,,
T,2025-10-21 16:30:45,51.53045353,0.14022172,3.79,43.004,,13.580,198,23,39,,
T,2025-10-21 16:30:46,51.53033538,0.14020188,3.79,41.740,,14.140,181,21,39,,
T,2025-10-21 16:30:47,51.53021049,0.14022900,3.79,41.235,,14.690,168,22,39,,
T,2025-10-21 16:30:48,51.53008684,0.14029966,3.79,41.995,,15.720,154,21,39,,
T,2025-10-21 16:30:49,51.52996919,0.14042162,3.79,42.170,,16.400,143,23,39,,
T,2025-10-21 16:30:50,51.52984723,0.14055892,3.79,42.297,,17.130,142,22,39,,
T,2025-10-21 16:30:51,51.52971648,0.14069891,3.79,42.749,,17.820,146,22,39,,
T,2025-10-21 16:30:52,51.52957936,0.14083746,3.79,43.053,,18.300,149,22,39,,
T,2025-10-21 16:30:53,51.52944368,0.14096529,3.79,43.251,,17.720,150,20,39,,
T,2025-10-21 16:30:54,51.52930397,0.14109445,3.79,43.527,,17.840,151,20,39,,
T,2025-10-21 16:30:55,51.52915678,0.14121909,3.79,44.123,,18.200,153,19,39,,
T,2025-10-21 16:30:56,51.52900918,0.14134313,3.79,44.604,,18.220,153,18,39,,
T,2025-10-21 16:30:57,51.52886364,0.14146181,3.79,45.073,,18.230,154,18,39,,
T,2025-10-21 16:30:58,51.52871883,0.14158048,3.79,45.301,,17.750,153,18,39,,
T,2025-10-21 16:30:59,51.52857235,0.14170791,3.79,45.864,,18.100,152,19,39,,
T,2025-10-21 16:31:00,51.52842402,0.14183388,3.79,46.250,,18.830,152,19,39,,
T,2025-10-21 16:31:01,51.52827471,0.14196442,3.79,47.001,,19.330,151,20,39,,
T,2025-10-21 16:31:02,51.52812302,0.14210707,3.79,47.201,,19.880,149,20,39,,
T,2025-10-21 16:31:03,51.52797041,0.14225909,3.79,47.849,,20.430,148,20,39,,
T,2025-10-21 16:31:04,51.52781648,0.14242067,3.79,48.362,,20.740,146,22,39,,
T,2025-10-21 16:31:05,51.52766524,0.14259707,3.79,48.780,,20.770,144,22,39,,
T,2025-10-21 16:31:06,51.52752078,0.14278306,3.79,48.898,,20.500,140,22,39,,
T,2025-10-21 16:31:07,51.52737992,0.14297739,3.79,49.441,,20.200,139,21,39,,
T,2025-10-21 16:31:08,51.52724694,0.14316475,3.79,49.523,,19.900,137,21,39,,
T,2025-10-21 16:31:09,51.52711919,0.14335880,3.79,49.876,,19.630,136,21,39,,
T,2025-10-21 16:31:10,51.52699239,0.14355480,3.79,50.117,,19.340,135,20,39,,
T,2025-10-21 16:31:11,51.52687315,0.14374416,3.79,50.231,,19.240,134,20,39,,
T,2025-10-21 16:31:12,51.52675539,0.14393259,3.79,50.110,,19.540,134,19,39,,
T,2025-10-21 16:31:13,51.52663392,0.14413926,3.79,49.990,,19.710,133,20,39,,
T,2025-10-21 16:31:14,51.52651857,0.14435420,3.79,50.620,,19.980,131,19,39,,
T,2025-10-21 16:31:15,51.52639785,0.14457098,3.79,50.352,,20.050,131,22,39,,
T,2025-10-21 16:31:16,51.52627995,0.14479108,3.79,50.893,,20.370,129,24,39,,
T,2025-10-21 16:31:17,51.52616279,0.14502327,3.79,51.017,,20.850,128,25,39,,
T,2025-10-21 16:31:18,51.52604792,0.14526386,3.79,50.606,,21.620,127,25,39,,
T,2025-10-21 16:31:19,51.52593177,0.14552015,3.79,51.260,,21.950,125,24,39,,
T,2025-10-21 16:31:20,51.52581667,0.14578051,3.79,51.703,,22.010,124,24,39,,
T,2025-10-21 16:31:21,51.52570748,0.14605360,3.79,52.264,,21.900,122,23,39,,
T,2025-10-21 16:31:22,51.52560803,0.14631419,3.79,52.706,,21.510,121,22,39,,
T,2025-10-21 16:31:23,51.52550785,0.14658262,3.79,52.775,,21.390,120,22,39,,
T,2025-10-21 16:31:24,51.52541852,0.14685646,3.79,52.201,,21.850,119,23,39,,
T,2025-10-21 16:31:25,51.52532657,0.14713002,9.94,52.375,,21.920,118,24,39,,
T,2025-10-21 16:31:26,51.52524006,0.14740410,9.94,52.808,,21.590,116,24,39,,
T,2025-10-21 16:31:27,51.52515487,0.14767842,9.94,53.218,,21.240,115,25,39,,
T,2025-10-21 16:31:28,51.52507735,0.14795029,9.94,52.937,,20.990,114,25,39,,
T,2025-10-21 16:31:29,51.52500223,0.14822086,9.94,52.766,,20.880,113,25,39,,
T,2025-10-21 16:31:30,51.52493114,0.14850739,9.94,52.956,,21.060,112,23,39,,
T,2025-10-21 16:31:31,51.52486576,0.14878901,9.94,53.393,,20.980,111,23,39,,
T,2025-10-21 16:31:32,51.52479797,0.14907523,9.94,54.043,,20.760,109,24,39,,
T,2025-10-21 16:31:33,51.52473639,0.14936097,9.94,54.426,,20.960,108,24,39,,
T,2025-10-21 16:31:34,51.52467937,0.14964874,9.94,54.321,,20.940,107,24,39,,
T,2025-10-21 16:31:35,51.52462551,0.14994405,9.94,54.317,,21.810,106,24,39,,
T,2025-10-21 16:31:36,51.52456830,0.15025016,9.94,54.021,,22.060,106,25,39,,
T,2025-10-21 16:31:37,51.52451488,0.15055274,9.94,54.136,,21.470,106,24,39,,
T,2025-10-21 16:31:38,51.52445931,0.15084866,9.94,54.644,,22.010,107,23,39,,
T,2025-10-21 16:31:39,51.52439908,0.15116144,9.94,55.223,,22.670,108,23,39,,
T,2025-10-21 16:31:40,51.52433546,0.15147454,9.94,55.584,,23.280,108,24,39,,
T,2025-10-21 16:31:41,51.52426888,0.15179622,9.94,55.795,,23.770,108,24,39,,
T,2025-10-21 16:31:42,51.52420191,0.15211851,9.94,55.995,,23.480,108,23,39,,
T,2025-10-21 16:31:43,51.52413653,0.15243891,9.94,56.358,,23.130,108,24,39,,
T,2025-10-21 16:31:44,51.52407646,0.15275481,9.94,56.001,,22.700,107,24,39,,
T,2025-10-21 16:31:45,51.52400372,0.15306881,9.94,56.358,,22.740,109,24,39,,
T,2025-10-21 16:31:46,51.52393678,0.15337422,9.94,56.233,,22.660,109,23,39,,
T,2025-10-21 16:31:47,51.52387038,0.15368222,9.94,55.931,,22.520,109,23,39,,
T,2025-10-21 16:31:48,51.52380162,0.15399170,9.94,55.943,,22.570,110,23,39,,
T,2025-10-21 16:31:49,51.52373324,0.15428565,9.94,55.971,,22.370,110,23,39,,
T,2025-10-21 16:31:50,51.52366042,0.15459560,9.94,55.940,,22.830,111,23,39,,
T,2025-10-21 16:31:51,51.52358945,0.15489588,9.94,55.738,,22.890,111,23,39,,
T,2025-10-21 16:31:52,51.52351481,0.15519355,9.94,55.830,,22.510,112,21,39,,
T,2025-10-21 16:31:53,51.52343869,0.15549710,9.94,55.784,,22.370,113,21,39,,
T,2025-10-21 16:31:54,51.52335941,0.15578971,9.94,55.980,,22.030,113,23,39,,
T,2025-10-21 16:31:55,51.52328600,0.15607607,9.94,55.551,,21.760,113,23,39,,
T,2025-10-21 16:31:56,51.52320701,0.15637268,9.94,55.364,,22.550,114,23,39,,
T,2025-10-21 16:31:57,51.52312835,0.15667338,9.94,55.086,,22.610,114,23,39,,
T,2025-10-21 16:31:58,51.52304515,0.15697436,9.94,55.050,,22.720,114,22,39,,
T,2025-10-21 16:31:59,51.52295639,0.15727565,9.94,55.371,,23.800,116,23,39,,
T,2025-10-21 16:32:00,51.52285675,0.15759275,9.94,55.353,,24.680,117,24,39,,
T,2025-10-21 16:32:01,51.52275075,0.15791531,9.94,54.812,,25.540,118,24,38,,
T,2025-10-21 16:32:02,51.52264128,0.15825130,9.94,54.778,,26.150,118,24,38,,
T,2025-10-21 16:32:03,51.52253049,0.15859101,9.94,54.887,,26.970,117,24,39,,
T,2025-10-21 16:32:04,51.52241809,0.15893814,9.94,54.666,,27.590,117,24,39,,
T,2025-10-21 16:32:05,51.52230830,0.15928244,9.94,54.324,,27.250,116,24,39,,
T,2025-10-21 16:32:06,51.52219734,0.15964415,9.94,54.079,,27.850,115,23,39,,
T,2025-10-21 16:32:07,51.52208631,0.16001596,9.94,53.552,,28.420,115,24,39,,
T,2025-10-21 16:32:08,51.52198092,0.16038972,9.94,53.377,,28.570,115,24,39,,
T,2025-10-21 16:32:09,51.52187716,0.16077374,9.94,52.862,,29.010,114,25,39,,
T,2025-10-21 16:32:10,51.52177224,0.16115494,9.94,52.716,,29.520,114,25,39,,
T,2025-10-21 16:32:11,51.52166854,0.16155282,9.94,52.562,,29.620,113,25,39,,
T,2025-10-21 16:32:12,51.52156891,0.16194107,9.94,52.677,,29.140,112,25,39,,
T,2025-10-21 16:32:13,51.52147045,0.16233437,9.94,52.327,,29.210,111,25,39,,
T,2025-10-21 16:32:14,51.52137531,0.16272994,9.94,52.059,,29.420,111,24,39,,
T,2025-10-21 16:32:15,51.52128406,0.16311730,9.94,52.246,,29.300,111,23,39,,
T,2025-10-21 16:32:16,51.52119500,0.16350842,9.94,51.971,,29.000,110,24,39,,
T,2025-10-21 16:32:17,51.52111226,0.16390256,9.94,51.703,,29.020,109,24,39,,
T,2025-10-21 16:32:18,51.52102881,0.16429395,9.94,51.661,,28.750,108,24,39,,
T,2025-10-21 16:32:19,51.52094763,0.16467704,9.94,51.494,,28.540,109,24,39,,
T,2025-10-21 16:32:20,51.52086958,0.16507173,9.94,51.611,,28.550,108,24,39,,
T,2025-10-21 16:32:21,51.52079103,0.16546484,9.94,51.109,,28.320,107,24,39,,
T,2025-10-21 16:32:22,51.52071511,0.16585935,9.94,51.462,,28.500,106,25,39,,
T,2025-10-21 16:32:23,51.52064828,0.16625043,9.94,51.413,,28.230,105,25,39,,
T,2025-10-21 16:32:24,51.52057653,0.16665057,9.94,51.014,,28.350,106,25,39,,
T,2025-10-21 16:32:25,51.52051283,0.16703977,9.94,51.216,,28.570,105,24,39,,
T,2025-10-21 16:32:26,51.52044542,0.16744562,9.94,51.167,,28.850,105,24,39,,
T,2025-10-21 16:32:27,51.52037522,0.16785200,9.94,51.323,,29.110,105,25,39,,
T,2025-10-21 16:32:28,51.52030806,0.16825628,9.94,51.438,,29.000,106,25,39,,
T,2025-10-21 16:32:29,51.52023445,0.16865000,9.94,51.550,,28.650,108,25,39,,
T,2025-10-21 16:32:30,51.52015524,0.16903547,9.94,51.796,,28.030,109,25,39,,
T,2025-10-21 16:32:31,51.52007596,0.16941102,9.94,51.353,,27.670,110,24,39,,
T,2025-10-21 16:32:32,51.51998129,0.16977512,9.94,51.806,,27.240,113,24,39,,
T,2025-10-21 16:32:33,51.51988641,0.17013448,9.94,51.858,,26.730,114,24,40,,
T,2025-10-21 16:32:34,51.51979249,0.17047833,9.94,51.522,,26.030,115,24,40,,
T,2025-10-21 16:32:35,51.51969121,0.17081232,9.94,51.236,,25.220,116,23,40,,
T,2025-10-21 16:32:36,51.51958571,0.17113415,9.94,51.433,,24.850,118,22,40,,
T,2025-10-21 16:32:37,51.51947772,0.17144461,9.94,51.154,,24.490,119,22,40,,
T,2025-10-21 16:32:38,51.51936596,0.17174781,9.94,50.915,,24.150,121,23,40,,
T,2025-10-21 16:32:39,51.51925055,0.17205404,9.94,50.473,,23.850,122,23,40,,
T,2025-10-21 16:32:40,51.51913732,0.17235214,9.94,49.802,,23.600,123,23,40,,
T,2025-10-21 16:32:41,51.51902007,0.17263859,9.94,49.879,,23.510,124,24,40,,
T,2025-10-21 16:32:42,51.51889810,0.17290948,9.94,49.271,,23.100,126,24,40,,
T,2025-10-21 16:32:43,51.51878268,0.17317675,9.94,48.874,,22.780,125,24,40,,
T,2025-10-21 16:32:44,51.51866057,0.17345907,10.66,48.428,,23.540,125,24,40,,
T,2025-10-21 16:32:45,51.51852013,0.17370179,10.18,48.363,,22.780,128,24,40,,
T,2025-10-21 16:32:46,51.51838366,0.17397135,10.25,47.732,,22.980,130,21,40,,
T,2025-10-21 16:32:47,51.51824728,0.17421559,10.49,47.628,,22.830,130,19,40,,
T,2025-10-21 16:32:48,51.51809048,0.17444813,10.55,48.111,,23.220,133,19,40,,
T,2025-10-21 16:32:49,51.51794482,0.17469178,10.38,48.843,,23.600,134,18,40,,
T,2025-10-21 16:32:50,51.51780328,0.17493994,10.37,49.053,,23.140,134,18,40,,
T,2025-10-21 16:32:51,51.51764600,0.17519607,10.48,49.512,,24.500,135,18,40,,
T,2025-10-21 16:32:52,51.51747563,0.17543179,10.53,48.875,,25.070,136,23,40,,
T,2025-10-21 16:32:53,51.51730185,0.17567464,10.54,48.624,,25.560,138,23,40,,
T,2025-10-21 16:32:54,51.51709648,0.17588589,10.52,48.764,,26.330,140,23,40,,
T,2025-10-21 16:32:55,51.51691873,0.17613668,10.14,47.973,,26.610,144,22,40,,
T,2025-10-21 16:32:56,51.51673633,0.17636507,10.09,47.595,,27.250,144,23,40,,
T,2025-10-21 16:32:57,51.51653111,0.17657333,10.01,45.142,,27.660,145,23,40,,
T,2025-10-21 16:32:58,51.51633024,0.17679859,9.94,45.481,,27.840,145,22,40,,
T,2025-10-21 16:32:59,51.51612182,0.17701822,9.94,45.833,,28.350,145,22,40,,
T,2025-10-21 16:33:00,51.51591670,0.17725196,9.94,44.852,,28.680,145,22,40,,
T,2025-10-21 16:33:01,51.51570878,0.17749265,9.94,44.308,,28.730,144,22,40,,
T,2025-10-21 16:33:02,51.51549273,0.17773718,9.94,44.756,,29.250,144,21,40,,
T,2025-10-21 16:33:03,51.51527382,0.17798694,9.94,45.377,,29.890,144,21,40,,
T,2025-10-21 16:33:04,51.51505961,0.17824403,9.94,45.557,,30.000,143,22,39,,
T,2025-10-21 16:33:05,51.51485102,0.17850688,9.94,45.914,,29.950,142,21,40,,
T,2025-10-21 16:33:06,51.51464047,0.17877902,9.94,45.715,,30.120,141,20,40,,
T,2025-10-21 16:33:07,51.51443688,0.17905611,9.94,45.583,,30.350,139,22,40,,
T,2025-10-21 16:33:08,51.51423477,0.17934051,9.94,46.708,,30.390,138,22,40,,
T,2025-10-21 16:33:09,51.51404510,0.17965109,9.94,46.151,,30.810,135,24,40,,
T,2025-10-21 16:33:10,51.51385539,0.17997282,9.94,46.053,,30.960,134,25,40,,
T,2025-10-21 16:33:11,51.51367043,0.18030589,9.94,46.951,,31.300,132,24,40,,
T,2025-10-21 16:33:12,51.51348706,0.18064301,9.94,48.115,,31.080,130,26,40,,
T,2025-10-21 16:33:13,51.51331335,0.18098937,9.94,48.188,,30.910,128,26,40,,
T,2025-10-21 16:33:14,51.51314611,0.18134865,9.94,47.925,,30.660,127,26,40,,
T,2025-10-21 16:33:15,51.51297530,0.18170187,9.96,48.036,,31.020,128,26,40,,
T,2025-10-21 16:33:16,51.51280672,0.18204506,10.57,48.041,,30.420,128,25,40,,
T,2025-10-21 16:33:17,51.51266579,0.18242150,10.98,47.991,,30.840,125,24,40,,
T,2025-10-21 16:33:18,51.51253037,0.18283119,11.03,48.124,,31.270,122,23,40,,
T,2025-10-21 16:33:19,51.51242310,0.18322625,10.75,48.363,,30.090,119,22,40,,
T,2025-10-21 16:33:20,51.51228440,0.18362656,10.32,48.698,,30.860,119,21,40,,
T,2025-10-21 16:33:21,51.51215574,0.18400883,10.11,48.296,,30.190,118,20,40,,
T,2025-10-21 16:33:22,51.51202096,0.18440218,10.08,48.348,,30.080,117,20,40,,
T,2025-10-21 16:33:23,51.51190166,0.18479295,10.06,48.743,,29.390,115,20,40,,
T,2025-10-21 16:33:24,51.51177844,0.18519459,10.00,48.895,,29.430,115,20,40,,
T,2025-10-21 16:33:25,51.51167514,0.18557270,9.98,48.257,,29.340,113,21,40,,
T,2025-10-21 16:33:26,51.51158603,0.18594680,9.98,47.890,,29.460,110,22,40,,
T,2025-10-21 16:33:27,51.51149546,0.18635213,9.98,47.090,,29.820,108,22,40,,
T,2025-10-21 16:33:28,51.51140990,0.18675588,9.94,46.704,,30.130,108,22,40,,
T,2025-10-21 16:33:29,51.51132640,0.18716632,9.94,46.830,,30.080,108,22,40,,
T,2025-10-21 16:33:30,51.51125477,0.18756604,9.97,45.831,,29.800,106,23,40,,
T,2025-10-21 16:33:31,51.51118169,0.18797453,9.94,45.251,,29.820,105,22,40,,
T,2025-10-21 16:33:32,51.51110814,0.18839244,9.97,45.105,,29.850,105,22,40,,
T,2025-10-21 16:33:33,51.51104729,0.18881888,10.04,44.863,,29.750,103,22,40,,
T,2025-10-21 16:33:34,51.51099368,0.18924409,10.06,44.708,,29.890,102,22,40,,
T,2025-10-21 16:33:35,51.51094161,0.18967915,10.14,44.563,,29.930,101,21,40,,
T,2025-10-21 16:33:36,51.51089897,0.19009919,10.11,43.992,,29.690,99,21,40,,
T,2025-10-21 16:33:37,51.51085297,0.19052024,10.16,44.137,,30.060,99,21,40,,
T,2025-10-21 16:33:38,51.51082374,0.19094598,10.21,43.039,,30.590,98,22,40,,
T,2025-10-21 16:33:39,51.51078038,0.19137205,10.13,43.184,,30.380,98,21,40,,
T,2025-10-21 16:33:40,51.51074759,0.19181044,10.07,43.551,,29.900,97,20,40,,
T,2025-10-21 16:33:41,51.51071692,0.19223519,9.94,43.491,,29.570,97,22,40,,
T,2025-10-21 16:33:42,51.51068248,0.19265329,9.94,43.453,,29.250,97,25,40,,
T,2025-10-21 16:33:43,51.51065753,0.19306853,9.94,43.133,,28.710,97,24,40,,
T,2025-10-21 16:33:44,51.51062673,0.19347399,9.94,43.133,,28.410,97,24,40,,
T,2025-10-21 16:33:45,51.51058793,0.19388613,9.94,44.121,,28.260,98,23,40,,
T,2025-10-21 16:33:46,51.51054968,0.19429109,9.94,44.531,,28.310,99,24,40,,
T,2025-10-21 16:33:47,51.51050657,0.19469534,9.94,44.638,,28.540,101,24,40,,
T,2025-10-21 16:33:48,51.51045488,0.19510224,9.94,44.598,,28.740,102,24,40,,
T,2025-10-21 16:33:49,51.51040202,0.19551186,9.94,44.574,,29.080,103,24,40,,
T,2025-10-21 16:33:50,51.51033669,0.19591853,9.94,44.741,,29.040,105,23,40,,
T,2025-10-21 16:33:51,51.51027202,0.19630924,9.94,44.677,,28.720,107,23,40,,
T,2025-10-21 16:33:52,51.51018551,0.19670364,9.94,44.241,,28.710,110,24,40,,
T,2025-10-21 16:33:53,51.51009306,0.19708223,9.94,44.232,,28.730,111,23,40,,
T,2025-10-21 16:33:54,51.50998877,0.19745674,9.94,45.163,,28.700,115,24,40,,
T,2025-10-21 16:33:55,51.50987422,0.19782710,9.94,45.545,,28.720,118,24,40,,
T,2025-10-21 16:33:56,51.50975468,0.19820655,9.94,44.758,,29.260,119,25,40,,
T,2025-10-21 16:33:57,51.50962259,0.19856818,9.94,44.276,,29.830,121,25,40,,
T,2025-10-21 16:33:58,51.50947789,0.19893024,9.94,44.609,,30.400,123,25,40,,
T,2025-10-21 16:33:59,51.50932313,0.19929544,9.94,44.305,,30.770,125,25,40,,
T,2025-10-21 16:34:00,51.50916247,0.19964833,9.94,44.163,,31.260,127,24,40,,
T,2025-10-21 16:34:01,51.50899115,0.20000812,9.94,44.108,,31.510,128,23,40,,
T,2025-10-21 16:34:02,51.50881115,0.20036218,9.94,44.357,,31.840,129,23,40,,
T,2025-10-21 16:34:03,51.50862593,0.20070904,9.94,44.011,,32.000,130,24,40,,
T,2025-10-21 16:34:04,51.50844388,0.20106307,9.94,43.959,,31.640,130,23,40,,
T,2025-10-21 16:34:05,51.50825800,0.20140588,9.94,43.479,,31.610,131,23,40,,
T,2025-10-21 16:34:06,51.50807751,0.20175615,9.94,43.325,,31.110,130,23,40,,
T,2025-10-21 16:34:07,51.50789482,0.20209997,9.94,43.634,,30.790,130,22,40,,
T,2025-10-21 16:34:08,51.50771336,0.20244156,9.94,44.124,,30.580,130,22,41,,
T,2025-10-21 16:34:09,51.50752960,0.20279014,9.94,44.325,,31.020,130,24,41,,
T,2025-10-21 16:34:10,51.50735042,0.20313147,9.94,44.433,,31.260,130,24,41,,
T,2025-10-21 16:34:11,51.50716519,0.20348489,9.94,44.347,,31.630,130,23,41,,
T,2025-10-21 16:34:12,51.50697724,0.20384005,9.94,44.522,,31.960,130,24,41,,
T,2025-10-21 16:34:13,51.50679079,0.20419695,9.94,44.958,,32.170,130,25,41,,
T,2025-10-21 16:34:14,51.50660494,0.20454919,9.94,44.883,,32.420,130,25,41,,
T,2025-10-21 16:34:15,51.50641597,0.20490725,9.94,44.784,,32.670,130,25,41,,
T,2025-10-21 16:34:16,51.50622232,0.20527489,9.94,45.395,,32.980,130,25,41,,
T,2025-10-21 16:34:17,51.50604330,0.20562805,9.94,44.656,,31.900,130,25,41,,
T,2025-10-21 16:34:18,51.50585651,0.20598084,9.94,45.141,,31.820,130,25,41,,
T,2025-10-21 16:34:19,51.50567372,0.20633266,9.94,45.250,,31.360,130,24,41,,
T,2025-10-21 16:34:20,51.50549717,0.20666953,9.94,45.074,,30.720,130,23,41,,
T,2025-10-21 16:34:21,51.50531964,0.20700411,9.94,44.560,,30.570,131,23,41,,
T,2025-10-21 16:34:22,51.50515004,0.20733191,9.94,44.370,,29.000,129,23,41,,
T,2025-10-21 16:34:23,51.50498228,0.20765121,9.94,44.445,,28.480,130,22,41,,
T,2025-10-21 16:34:24,51.50482098,0.20796378,9.94,44.562,,27.650,130,22,41,,
T,2025-10-21 16:34:25,51.50466510,0.20825823,9.94,44.518,,26.990,130,22,41,,
T,2025-10-21 16:34:26,51.50450716,0.20855838,9.94,44.619,,26.720,130,22,41,,
T,2025-10-21 16:34:27,51.50435549,0.20885377,9.94,44.990,,26.460,129,22,41,,
T,2025-10-21 16:34:28,51.50420863,0.20915365,9.94,45.826,,26.060,129,22,41,,
T,2025-10-21 16:34:29,51.50406325,0.20944852,9.94,46.304,,25.730,128,23,40,,
T,2025-10-21 16:34:30,51.50392139,0.20973788,9.94,46.402,,25.950,127,23,40,,
T,2025-10-21 16:34:31,51.50377968,0.21003371,9.94,46.461,,26.210,128,23,40,,
T,2025-10-21 16:34:32,51.50363765,0.21032747,9.94,47.043,,26.190,127,23,40,,
T,2025-10-21 16:34:33,51.50350176,0.21062077,9.94,47.701,,25.650,126,24,40,,
T,2025-10-21 16:34:34,51.50336737,0.21092044,9.94,48.812,,25.270,126,24,40,,
T,2025-10-21 16:34:35,51.50323154,0.21122228,9.94,49.093,,24.760,125,24,40,,
T,2025-10-21 16:34:36,51.50310278,0.21152176,9.94,50.113,,24.210,124,24,40,,
T,2025-10-21 16:34:37,51.50298167,0.21182410,9.94,50.651,,24.380,123,24,40,,
T,2025-10-21 16:34:38,51.50286782,0.21211310,9.94,51.433,,24.500,122,24,40,,
T,2025-10-21 16:34:39,51.50274743,0.21241599,9.94,51.661,,24.770,122,24,40,,
T,2025-10-21 16:34:40,51.50262920,0.21272250,9.94,52.519,,24.930,122,25,40,,
T,2025-10-21 16:34:41,51.50251564,0.21303245,9.94,53.078,,24.680,121,25,40,,
T,2025-10-21 16:34:42,51.50240290,0.21334387,9.94,53.254,,24.850,120,24,40,,
T,2025-10-21 16:34:43,51.50229328,0.21365817,9.94,54.275,,25.070,119,24,40,,
T,2025-10-21 16:34:44,51.50218369,0.21397819,9.94,54.664,,25.240,119,26,40,,
T,2025-10-21 16:34:45,51.50208066,0.21430500,9.94,55.029,,25.180,117,26,40,,
T,2025-10-21 16:34:46,51.50197849,0.21461915,9.94,55.286,,24.790,117,25,40,,
T,2025-10-21 16:34:47,51.50187920,0.21493535,9.94,55.740,,24.180,116,26,40,,
T,2025-10-21 16:34:48,51.50178452,0.21524172,9.94,56.007,,24.000,116,26,40,,
T,2025-10-21 16:34:49,51.50170003,0.21554343,9.94,55.284,,23.850,115,26,40,,
T,2025-10-21 16:34:50,51.50160968,0.21585033,9.94,55.625,,23.490,114,26,40,,
T,2025-10-21 16:34:51,51.50152823,0.21615402,9.94,55.544,,23.220,114,25,40,,
T,2025-10-21 16:34:52,51.50144597,0.21645845,9.94,55.180,,23.080,113,26,40,,
T,2025-10-21 16:34:53,51.50137007,0.21676248,9.94,55.379,,23.040,112,25,40,,
T,2025-10-21 16:34:54,51.50129141,0.21707199,9.94,55.439,,23.230,111,25,40,,
T,2025-10-21 16:34:55,51.50121342,0.21738796,9.94,55.232,,23.360,111,25,40,,
T,2025-10-21 16:34:56,51.50114139,0.21771390,9.94,55.268,,24.010,110,25,40,,
T,2025-10-21 16:34:57,51.50106643,0.21804873,9.94,55.202,,24.730,109,27,40,,
T,2025-10-21 16:34:58,51.50099448,0.21839083,9.94,55.147,,25.210,109,27,40,,
T,2025-10-21 16:34:59,51.50092418,0.21872638,9.94,54.552,,25.400,108,27,40,,
T,2025-10-21 16:35:00,51.50085399,0.21907261,9.94,54.375,,25.740,107,27,40,,
T,2025-10-21 16:35:01,51.50078408,0.21943085,9.94,54.184,,26.190,107,27,40,,
T,2025-10-21 16:35:02,51.50072150,0.21979086,9.94,53.720,,26.400,106,27,40,,
T,2025-10-21 16:35:03,51.50065674,0.22015217,9.94,53.208,,26.550,105,26,40,,
T,2025-10-21 16:35:04,51.50059865,0.22052631,9.94,52.409,,26.770,104,27,40,,
T,2025-10-21 16:35:05,51.50054043,0.22090593,9.94,51.809,,26.850,103,27,40,,
T,2025-10-21 16:35:06,51.50048839,0.22128936,9.94,51.439,,26.840,102,26,40,,
T,2025-10-21 16:35:07,51.50043644,0.22167128,9.94,50.765,,26.890,102,27,40,,
T,2025-10-21 16:35:08,51.50039042,0.22205239,9.94,50.341,,26.840,101,25,40,,
T,2025-10-21 16:35:09,51.50034591,0.22243047,9.94,49.871,,26.860,101,26,40,,
T,2025-10-21 16:35:10,51.50030590,0.22281022,9.94,49.530,,26.790,100,26,40,,
T,2025-10-21 16:35:11,51.50026659,0.22319039,9.94,48.821,,26.560,99,25,40,,
T,2025-10-21 16:35:12,51.50022810,0.22357715,9.94,48.674,,26.760,98,27,40,,
T,2025-10-21 16:35:13,51.50019552,0.22396205,9.94,48.218,,26.750,97,26,40,,
T,2025-10-21 16:35:14,51.50016488,0.22434501,9.94,47.855,,26.780,97,26,40,,
T,2025-10-21 16:35:15,51.50013717,0.22472108,9.94,47.672,,26.730,96,22,40,,
T,2025-10-21 16:35:16,51.50011923,0.22510281,9.94,47.646,,26.930,95,23,40,,
T,2025-10-21 16:35:17,51.50009611,0.22548238,9.94,47.332,,26.650,95,23,40,,
T,2025-10-21 16:35:18,51.50008131,0.22587837,9.94,47.267,,27.380,93,27,40,,
T,2025-10-21 16:35:19,51.50006912,0.22626001,9.94,46.983,,26.750,92,27,40,,
T,2025-10-21 16:35:20,51.50005880,0.22664390,9.94,47.383,,26.170,92,27,40,,
T,2025-10-21 16:35:21,51.50004828,0.22703048,9.94,47.256,,26.820,91,27,40,,
T,2025-10-21 16:35:22,51.50004195,0.22741946,9.94,46.893,,26.590,91,27,40,,
T,2025-10-21 16:35:23,51.50004313,0.22778918,9.94,46.473,,26.390,91,27,40,,
T,2025-10-21 16:35:24,51.50003688,0.22816673,9.94,46.130,,26.220,91,25,40,,
T,2025-10-21 16:35:25,51.50003366,0.22854670,9.94,45.956,,26.510,91,25,40,,
T,2025-10-21 16:35:26,51.50001913,0.22893569,9.94,45.718,,26.530,93,25,40,,
T,2025-10-21 16:35:27,51.50001205,0.22931894,9.94,45.689,,26.600,92,25,40,,
T,2025-10-21 16:35:28,51.49999624,0.22969572,10.23,45.257,,26.430,93,25,40,,
T,2025-10-21 16:35:29,51.49995443,0.23007804,9.99,45.004,,26.730,98,25,40,,
T,2025-10-21 16:35:30,51.49992498,0.23044849,9.94,45.196,,25.980,100,24,40,,
T,2025-10-21 16:35:31,51.49988713,0.23081652,9.94,44.960,,25.840,101,23,40,,
T,2025-10-21 16:35:32,51.49983717,0.23116823,9.94,44.357,,25.620,103,23,40,,
T,2025-10-21 16:35:33,51.49978202,0.23151717,9.94,44.823,,25.320,105,22,40,,
T,2025-10-21 16:35:34,51.49971253,0.23186682,9.94,44.867,,25.120,107,22,40,,
T,2025-10-21 16:35:35,51.49964293,0.23221161,9.94,44.651,,24.790,109,22,40,,
T,2025-10-21 16:35:36,51.49956940,0.23254514,9.94,44.600,,24.650,111,22,40,,
T,2025-10-21 16:35:37,51.49948590,0.23287812,9.94,44.520,,24.390,112,25,40,,
T,2025-10-21 16:35:38,51.49940075,0.23319865,9.94,44.597,,24.290,113,25,40,,
T,2025-10-21 16:35:39,51.49930244,0.23351511,9.94,44.505,,24.230,117,25,40,,
T,2025-10-21 16:35:40,51.49920378,0.23382931,9.94,44.910,,23.980,118,24,40,,
T,2025-10-21 16:35:41,51.49909468,0.23413322,9.94,44.854,,23.780,120,24,40,,
T,2025-10-21 16:35:42,51.49898649,0.23443097,9.94,44.835,,23.640,122,24,40,,
T,2025-10-21 16:35:43,51.49886456,0.23471220,9.94,44.980,,23.520,124,21,40,,
T,2025-10-21 16:35:44,51.49874287,0.23499305,9.94,45.007,,23.600,126,20,40,,
T,2025-10-21 16:35:45,51.49861843,0.23526834,9.94,44.425,,23.800,127,20,40,,
T,2025-10-21 16:35:46,51.49849257,0.23554832,9.94,43.237,,24.020,129,20,40,,
T,2025-10-21 16:35:47,51.49835700,0.23579878,9.94,43.286,,24.050,131,21,40,,
T,2025-10-21 16:35:48,51.49821452,0.23605678,9.94,43.179,,23.910,133,21,40,,
T,2025-10-21 16:35:49,51.49806808,0.23630816,9.94,42.939,,23.980,134,21,40,,
T,2025-10-21 16:35:50,51.49791392,0.23654922,9.94,43.471,,23.520,137,22,40,,
T,2025-10-21 16:35:51,51.49776047,0.23677799,10.00,43.383,,23.580,138,22,40,,
T,2025-10-21 16:35:52,51.49759537,0.23699935,9.99,43.970,,23.790,141,22,40,,
T,2025-10-21 16:35:53,51.49743387,0.23720136,9.94,43.247,,22.790,142,21,40,,
T,2025-10-21 16:35:54,51.49727197,0.23740084,9.94,42.434,,23.380,142,21,40,,
T,2025-10-21 16:35:55,51.49711460,0.23760035,9.99,42.009,,22.530,143,20,40,,
T,2025-10-21 16:35:56,51.49695350,0.23779707,10.33,42.266,,22.230,143,19,40,,
T,2025-10-21 16:35:57,51.49679547,0.23799361,10.01,41.925,,21.980,145,19,40,,
T,2025-10-21 16:35:58,51.49663648,0.23817077,9.94,42.096,,21.710,144,20,40,,
T,2025-10-21 16:35:59,51.49648110,0.23835045,9.94,43.032,,21.180,144,20,40,,
T,2025-10-21 16:36:00,51.49632312,0.23853430,9.94,43.603,,20.610,144,20,40,,
T,2025-10-21 16:36:01,51.49617243,0.23871958,9.94,44.632,,20.160,144,20,40,,
T,2025-10-21 16:36:02,51.49602788,0.23888249,9.94,45.115,,19.640,145,20,40,,
T,2025-10-21 16:36:03,51.49588574,0.23904946,9.94,45.892,,19.690,144,20,40,,
T,2025-10-21 16:36:04,51.49574466,0.23920504,9.94,46.266,,19.850,145,19,40,,
T,2025-10-21 16:36:05,51.49559897,0.23937667,9.94,46.653,,20.240,145,20,40,,
T,2025-10-21 16:36:06,51.49544699,0.23955623,9.94,46.506,,20.490,144,20,40,,
T,2025-10-21 16:36:07,51.49529534,0.23973877,9.94,47.077,,20.820,144,21,40,,
T,2025-10-21 16:36:08,51.49514196,0.23990992,9.94,47.765,,20.950,144,20,41,,
T,2025-10-21 16:36:09,51.49499336,0.24007950,9.94,48.580,,20.520,144,21,41,,
T,2025-10-21 16:36:10,51.49484048,0.24025869,9.94,48.833,,21.200,144,23,41,,
T,2025-10-21 16:36:11,51.49468089,0.24043424,9.94,49.619,,21.670,145,23,41,,
T,2025-10-21 16:36:12,51.49451638,0.24061807,9.94,50.065,,22.170,144,23,41,,
T,2025-10-21 16:36:13,51.49435328,0.24080675,9.94,50.331,,22.600,145,23,41,,
T,2025-10-21 16:36:14,51.49418760,0.24099587,9.94,50.290,,22.780,144,23,41,,
T,2025-10-21 16:36:15,51.49402273,0.24118075,9.94,50.783,,23.010,144,23,41,,
T,2025-10-21 16:36:16,51.49385300,0.24138363,9.94,51.265,,23.040,144,23,41,,
T,2025-10-21 16:36:17,51.49368477,0.24157952,9.94,51.521,,22.740,144,23,41,,
T,2025-10-21 16:36:18,51.49351936,0.24178014,9.94,51.648,,22.830,143,23,41,,
T,2025-10-21 16:36:19,51.49335828,0.24197630,9.94,51.737,,22.560,142,23,41,,
T,2025-10-21 16:36:20,51.49320347,0.24216804,9.94,51.326,,22.450,141,23,41,,
T,2025-10-21 16:36:21,51.49304531,0.24237938,9.94,51.498,,22.500,140,23,41,,
T,2025-10-21 16:36:22,51.49289225,0.24259464,9.94,51.382,,22.640,138,24,41,,
T,2025-10-21 16:36:23,51.49274470,0.24281108,9.94,51.257,,22.630,137,23,41,,
T,2025-10-21 16:36:24,51.49260046,0.24303322,9.94,51.553,,22.420,135,22,41,,
T,2025-10-21 16:36:25,51.49245983,0.24326388,9.94,51.861,,22.420,133,23,41,,
T,2025-10-21 16:36:26,51.49232486,0.24350255,9.94,52.185,,22.240,131,21,41,,
T,2025-10-21 16:36:27,51.49220045,0.24375007,9.94,51.469,,22.020,129,20,41,,
T,2025-10-21 16:36:28,51.49207492,0.24399947,9.94,51.864,,22.110,128,19,41,,
T,2025-10-21 16:36:29,51.49195249,0.24425374,9.94,52.249,,22.110,127,19,41,,
T,2025-10-21 16:36:30,51.49184491,0.24450573,9.94,51.746,,22.110,124,18,41,,
T,2025-10-21 16:36:31,51.49173993,0.24476773,9.94,50.816,,22.380,123,18,41,,
T,2025-10-21 16:36:32,51.49163797,0.24505170,9.94,50.581,,22.690,120,20,41,,
T,2025-10-21 16:36:33,51.49153967,0.24532400,9.94,50.260,,22.200,118,20,41,,
T,2025-10-21 16:36:34,51.49144425,0.24561638,9.94,50.853,,22.130,116,21,41,,
T,2025-10-21 16:36:35,51.49135859,0.24589021,9.94,50.833,,21.540,114,20,41,,
T,2025-10-21 16:36:36,51.49127715,0.24618134,9.95,50.744,,21.270,113,20,41,,
T,2025-10-21 16:36:37,51.49120356,0.24647413,9.94,50.874,,21.120,112,20,41,,
T,2025-10-21 16:36:38,51.49113579,0.24676754,9.94,50.895,,21.430,110,20,41,,
T,2025-10-21 16:36:39,51.49106860,0.24706335,9.94,50.806,,21.730,108,19,41,,
T,2025-10-21 16:36:40,51.49101132,0.24736075,9.94,50.904,,21.360,107,19,41,,
T,2025-10-21 16:36:41,51.49095899,0.24765463,9.94,51.100,,21.130,105,20,41,,
T,2025-10-21 16:36:42,51.49091455,0.24795383,9.95,51.100,,21.320,103,20,41,,
T,2025-10-21 16:36:43,51.49087424,0.24825687,9.94,52.114,,21.820,101,21,41,,
T,2025-10-21 16:36:44,51.49083123,0.24855707,10.04,52.561,,21.410,102,23,41,,
T,2025-10-21 16:36:45,51.49079991,0.24886268,10.06,52.273,,21.590,99,23,41,,
T,2025-10-21 16:36:46,51.49078562,0.24915103,9.95,51.283,,21.360,96,23,41,,
T,2025-10-21 16:36:47,51.49076734,0.24947332,9.94,51.639,,21.430,94,24,41,,
T,2025-10-21 16:36:48,51.49075913,0.24977057,9.94,51.140,,20.930,93,24,41,,
T,2025-10-21 16:36:49,51.49075675,0.25007388,9.94,51.860,,20.740,91,24,41,,
T,2025-10-21 16:36:50,51.49075620,0.25036361,9.94,51.441,,20.090,90,23,41,,
T,2025-10-21 16:36:51,51.49076324,0.25065264,9.94,51.819,,20.750,88,23,41,,
T,2025-10-21 16:36:52,51.49077358,0.25095209,9.94,51.720,,20.770,86,25,41,,
T,2025-10-21 16:36:53,51.49078912,0.25125038,9.94,51.408,,21.260,85,25,41,,
T,2025-10-21 16:36:54,51.49081262,0.25156059,9.94,50.886,,21.730,83,25,41,,
T,2025-10-21 16:36:55,51.49084754,0.25187387,9.94,51.283,,21.640,81,25,41,,
T,2025-10-21 16:36:56,51.49087994,0.25217652,9.94,50.970,,21.220,80,24,41,,
T,2025-10-21 16:36:57,51.49092035,0.25248795,9.94,51.294,,21.550,77,23,41,,
T,2025-10-21 16:36:58,51.49096506,0.25278854,9.94,50.796,,21.510,76,22,41,,
T,2025-10-21 16:36:59,51.49101269,0.25309462,9.94,51.059,,21.640,74,22,41,,
T,2025-10-21 16:37:00,51.49106936,0.25339467,9.94,50.870,,21.570,72,22,41,,
T,2025-10-21 16:37:01,51.49113044,0.25369155,9.94,50.780,,21.530,71,22,41,,
T,2025-10-21 16:37:02,51.49119555,0.25399573,9.94,50.776,,21.850,70,21,41,,
T,2025-10-21 16:37:03,51.49127136,0.25427904,9.94,50.809,,21.750,67,24,41,,
T,2025-10-21 16:37:04,51.49134990,0.25456881,9.94,50.381,,21.730,65,24,41,,
T,2025-10-21 16:37:05,51.49143135,0.25485508,3.79,50.791,,21.990,64,25,41,,
T,2025-10-21 16:37:06,51.49152523,0.25515023,3.79,51.977,,22.330,63,25,41,,
T,2025-10-21 16:37:07,51.49161811,0.25543009,3.79,52.042,,22.140,61,26,41,,
T,2025-10-21 16:37:08,51.49171756,0.25569529,3.79,51.670,,21.770,58,25,41,,
T,2025-10-21 16:37:09,51.49182208,0.25594980,3.79,50.705,,21.450,56,27,41,,
T,2025-10-21 16:37:10,51.49192942,0.25619969,3.79,50.133,,21.120,54,27,41,,
T,2025-10-21 16:37:11,51.49203947,0.25644099,3.79,49.592,,20.880,53,27,41,,
T,2025-10-21 16:37:12,51.49215607,0.25667415,3.79,49.454,,20.640,51,27,41,,
T,2025-10-21 16:37:13,51.49227819,0.25690426,3.79,49.323,,20.870,49,26,41,,
T,2025-10-21 16:37:14,51.49240384,0.25713228,3.79,49.247,,21.290,48,25,41,,
T,2025-10-21 16:37:15,51.49253166,0.25735267,3.79,49.181,,21.090,47,25,41,,
T,2025-10-21 16:37:16,51.49266234,0.25757333,3.79,49.017,,21.080,46,25,41,,
T,2025-10-21 16:37:17,51.49280182,0.25779012,3.79,48.826,,21.500,44,24,41,,
T,2025-10-21 16:37:18,51.49294594,0.25799533,3.79,48.852,,21.610,41,24,41,,
T,2025-10-21 16:37:19,51.49309505,0.25819518,3.79,48.947,,21.790,40,23,41,,
T,2025-10-21 16:37:20,51.49324564,0.25839295,3.79,49.493,,21.740,40,22,41,,
T,2025-10-21 16:37:21,51.49339807,0.25859938,3.79,49.672,,22.250,41,22,41,,
T,2025-10-21 16:37:22,51.49355693,0.25880202,3.79,50.476,,22.840,39,23,41,,
T,2025-10-21 16:37:23,51.49371514,0.25899290,3.79,49.782,,22.090,37,23,41,,
T,2025-10-21 16:37:24,51.49387725,0.25918748,3.79,50.000,,21.910,37,23,41,,
T,2025-10-21 16:37:25,51.49403521,0.25937496,3.79,49.983,,21.760,37,23,41,,
T,2025-10-21 16:37:26,51.49419345,0.25957231,3.79,50.525,,22.390,38,23,41,,
T,2025-10-21 16:37:27,51.49435101,0.25978068,3.79,50.955,,22.470,39,24,41,,
T,2025-10-21 16:37:28,51.49450663,0.25998591,3.79,50.313,,22.530,40,25,41,,
T,2025-10-21 16:37:29,51.49465781,0.26019012,3.79,50.353,,22.130,40,25,41,,
T,2025-10-21 16:37:30,51.49480527,0.26039165,3.79,50.406,,21.790,40,25,41,,
T,2025-10-21 16:37:31,51.49494587,0.26059702,3.79,50.054,,21.590,42,25,41,,
T,2025-10-21 16:37:32,51.49508185,0.26080249,3.82,50.005,,21.080,43,25,41,,
T,2025-10-21 16:37:33,51.49520559,0.26100884,3.79,50.135,,20.700,46,25,41,,
T,2025-10-21 16:37:34,51.49533792,0.26121914,3.79,50.482,,21.130,45,21,41,,
T,2025-10-21 16:37:35,51.49546347,0.26142957,4.17,50.868,,21.290,46,20,41,,
T,2025-10-21 16:37:36,51.49558947,0.26167037,3.88,51.368,,21.830,49,20,41,,
T,2025-10-21 16:37:37,51.49571562,0.26190718,3.97,51.485,,22.040,50,20,41,,
T,2025-10-21 16:37:38,51.49585235,0.26215072,3.79,52.701,,21.820,52,20,41,,
T,2025-10-21 16:37:39,51.49598868,0.26239958,3.79,54.161,,21.670,53,23,41,,
T,2025-10-21 16:37:40,51.49611637,0.26264799,3.79,55.222,,21.820,54,24,41,,
T,2025-10-21 16:37:41,51.49624152,0.26290936,3.79,56.353,,22.340,55,25,41,,
T,2025-10-21 16:37:42,51.49635040,0.26317692,3.79,57.085,,21.770,56,26,41,,
T,2025-10-21 16:37:43,51.49645486,0.26343245,3.79,57.475,,21.850,58,25,41,,
T,2025-10-21 16:37:44,51.49655811,0.26370574,3.79,59.130,,22.170,60,25,41,,
T,2025-10-21 16:37:45,51.49665136,0.26397948,3.79,59.324,,21.990,61,25,41,,
T,2025-10-21 16:37:46,51.49674455,0.26425550,3.79,59.330,,21.740,62,25,41,,
T,2025-10-21 16:37:47,51.49683195,0.26452577,3.86,59.951,,21.070,62,25,41,,
T,2025-10-21 16:37:48,51.49692444,0.26479300,4.51,59.636,,21.250,62,24,41,,
T,2025-10-21 16:37:49,51.49701944,0.26506353,5.41,59.709,,21.600,62,24,41,,
T,2025-10-21 16:37:50,51.49706548,0.26535086,5.28,60.235,,20.960,68,23,41,,
T,2025-10-21 16:37:51,51.49714935,0.26563733,5.30,60.729,,21.270,67,22,41,,
T,2025-10-21 16:37:52,51.49723956,0.26591570,5.40,59.229,,20.680,70,18,41,,
T,2025-10-21 16:37:53,51.49730516,0.26619335,5.43,59.729,,21.280,69,20,41,,
T,2025-10-21 16:37:54,51.49737688,0.26647617,5.44,60.119,,21.270,69,21,41,,
T,2025-10-21 16:37:55,51.49743653,0.26675904,6.01,60.110,,20.790,69,20,41,,
T,2025-10-21 16:37:56,51.49749779,0.26704943,7.06,60.646,,21.330,70,20,41,,
T,2025-10-21 16:37:57,51.49754442,0.26733530,8.01,60.044,,21.030,71,20,41,,
T,2025-10-21 16:37:58,51.49758809,0.26766363,9.88,59.571,,21.930,73,21,41,,
T,2025-10-21 16:37:59,51.49763151,0.26797684,10.80,60.450,,21.740,74,21,41,,
T,2025-10-21 16:38:00,51.49766301,0.26824076,10.52,59.656,,20.570,75,19,41,,
T,2025-10-21 16:38:01,51.49765284,0.26857303,8.87,60.455,,21.000,79,20,41,,
T,2025-10-21 16:38:02,51.49769286,0.26885325,8.60,60.272,,20.460,79,18,41,,
T,2025-10-21 16:38:03,51.49771617,0.26918622,9.94,60.624,,21.680,80,17,41,,
T,2025-10-21 16:38:04,51.49775118,0.26953127,9.75,61.139,,22.490,80,17,41,,
T,2025-10-21 16:38:05,51.49771805,0.26990893,10.17,60.902,,23.460,84,17,41,,
T,2025-10-21 16:38:06,51.49771709,0.27022458,9.79,61.098,,22.210,86,19,41,,
T,2025-10-21 16:38:07,51.49775038,0.27043514,8.85,59.777,,19.590,85,17,41,,
T,2025-10-21 16:38:08,51.49776316,0.27071104,7.77,59.668,,20.450,86,17,41,,
T,2025-10-21 16:38:09,51.49776378,0.27097860,7.02,59.839,,20.090,87,19,41,,
T,2025-10-21 16:38:10,51.49775322,0.27124408,5.84,60.307,,21.250,92,20,41,,
T,2025-10-21 16:38:11,51.49774508,0.27156693,5.87,60.947,,21.570,94,19,41,,
T,2025-10-21 16:38:12,51.49774376,0.27184756,11.01,60.986,,20.720,94,18,41,,
T,2025-10-21 16:38:13,51.49773610,0.27214479,11.14,62.012,,21.140,94,20,41,,
T,2025-10-21 16:38:14,51.49772755,0.27247027,11.68,60.842,,21.790,94,21,41,,
T,2025-10-21 16:38:15,51.49772902,0.27273225,12.52,61.269,,20.030,93,21,41,,
T,2025-10-21 16:38:16,51.49769701,0.27308316,12.98,60.380,,22.340,94,21,41,,
T,2025-10-21 16:38:17,51.49764573,0.27345661,13.57,59.925,,23.540,96,21,40,,
T,2025-10-21 16:38:18,51.49765183,0.27377048,13.81,60.866,,22.660,95,22,40,,
T,2025-10-21 16:38:19,51.49761861,0.27408992,14.43,60.491,,22.980,96,20,40,,
T,2025-10-21 16:38:20,51.49751406,0.27446631,14.23,60.637,,23.900,101,19,41,,
T,2025-10-21 16:38:21,51.49745038,0.27474249,13.92,59.729,,23.010,103,19,41,,
T,2025-10-21 16:38:22,51.49739627,0.27508189,13.98,59.180,,24.010,103,18,41,,
T,2025-10-21 16:38:23,51.49734265,0.27535954,13.99,59.864,,22.950,104,18,41,,
T,2025-10-21 16:38:24,51.49724224,0.27555670,13.56,59.059,,21.270,108,17,41,,
T,2025-10-21 16:38:25,51.49717545,0.27586971,12.23,60.336,,22.190,109,15,41,,
T,2025-10-21 16:38:26,51.49707671,0.27616698,11.68,61.177,,22.770,110,17,41,,
T,2025-10-21 16:38:27,51.49700178,0.27648234,11.70,61.027,,22.780,110,19,41,,
T,2025-10-21 16:38:28,51.49690094,0.27683010,11.66,60.949,,23.950,111,19,40,,
T,2025-10-21 16:38:29,51.49684561,0.27711667,11.69,59.927,,22.920,111,19,41,,
T,2025-10-21 16:38:30,51.49674382,0.27744647,11.98,61.246,,23.970,112,19,41,,
T,2025-10-21 16:38:31,51.49674580,0.27771730,12.36,59.171,,21.500,108,18,40,,
T,2025-10-21 16:38:32,51.49665546,0.27807969,13.01,58.529,,23.830,109,16,41,,
T,2025-10-21 16:38:33,51.49658683,0.27841144,12.26,58.461,,23.730,109,15,41,,
T,2025-10-21 16:38:34,51.49654380,0.27867282,12.00,58.619,,22.240,109,16,41,,
T,2025-10-21 16:38:35,51.49648611,0.27900668,11.96,58.116,,23.270,108,16,40,,
T,2025-10-21 16:38:36,51.49641197,0.27924465,12.06,56.141,,21.510,109,15,41,,
T,2025-10-21 16:38:37,51.49635713,0.27958484,12.26,54.834,,22.620,108,16,41,,
T,2025-10-21 16:38:38,51.49628350,0.27989561,12.11,54.406,,22.020,108,17,41,,
T,2025-10-21 16:38:39,51.49622435,0.28019339,12.12,54.875,,22.360,108,17,41,,
T,2025-10-21 16:38:40,51.49617062,0.28045435,12.39,54.028,,20.880,107,17,41,,
T,2025-10-21 16:38:41,51.49609970,0.28074014,11.68,56.189,,20.960,107,17,41,,
T,2025-10-21 16:38:42,51.49605708,0.28102616,11.18,55.375,,19.330,106,17,41,,
T,2025-10-21 16:38:43,51.49601142,0.28129775,10.90,55.229,,19.250,106,18,41,,
T,2025-10-21 16:38:44,51.49596690,0.28158667,10.77,55.466,,19.430,105,18,41,,
T,2025-10-21 16:38:45,51.49591757,0.28184397,10.73,55.049,,19.220,104,18,41,,
T,2025-10-21 16:38:46,51.49586304,0.28211378,10.70,52.242,,19.580,104,18,40,,
T,2025-10-21 16:38:47,51.49582740,0.28240223,10.52,52.803,,20.220,103,18,40,,
T,2025-10-21 16:38:48,51.49579516,0.28266228,10.67,51.890,,19.680,102,19,40,,
T,2025-10-21 16:38:49,51.49575190,0.28293418,10.80,50.159,,20.330,103,20,40,,
T,2025-10-21 16:38:50,51.49571511,0.28321861,10.93,50.595,,20.540,103,20,40,,
T,2025-10-21 16:38:51,51.49566849,0.28350310,10.91,48.424,,20.250,104,19,40,,
T,2025-10-21 16:38:52,51.49563426,0.28376447,11.01,47.587,,19.640,103,19,40,,
T,2025-10-21 16:38:53,51.49559170,0.28404766,10.93,46.944,,19.590,103,19,41,,
T,2025-10-21 16:38:54,51.49556470,0.28430315,10.99,46.069,,19.510,102,19,41,,
T,2025-10-21 16:38:55,51.49553385,0.28458155,10.82,46.317,,19.320,101,17,41,,
T,2025-10-21 16:38:56,51.49550898,0.28484683,10.76,45.367,,19.160,101,16,41,,
T,2025-10-21 16:38:57,51.49547286,0.28513441,10.75,46.182,,19.020,100,17,41,,
T,2025-10-21 16:38:58,51.49544164,0.28541414,10.91,45.331,,18.840,100,17,41,,
T,2025-10-21 16:38:59,51.49541755,0.28568327,11.14,46.129,,18.640,99,17,41,,
T,2025-10-21 16:39:00,51.49540762,0.28592707,10.89,44.274,,18.660,97,18,41,,
T,2025-10-21 16:39:01,51.49539057,0.28617977,10.95,42.530,,17.840,94,20,41,,
T,2025-10-21 16:39:02,51.49537686,0.28643909,10.96,42.822,,17.360,92,20,41,,
T,2025-10-21 16:39:03,51.49537674,0.28667776,10.80,42.825,,16.880,90,19,41,,
T,2025-10-21 16:39:04,51.49538734,0.28693084,10.66,44.469,,16.830,87,19,41,,
T,2025-10-21 16:39:05,51.49539600,0.28717253,10.55,45.514,,16.040,86,20,41,,
T,2025-10-21 16:39:06,51.49540621,0.28739989,10.45,47.025,,15.270,83,21,41,,
T,2025-10-21 16:39:07,51.49542083,0.28760764,10.55,47.008,,14.290,84,21,41,,
T,2025-10-21 16:39:08,51.49544761,0.28779908,10.60,46.725,,13.580,82,21,41,,
T,2025-10-21 16:39:09,51.49545804,0.28798925,10.71,48.004,,12.510,80,20,41,,
T,2025-10-21 16:39:10,51.49548543,0.28815265,10.83,48.317,,10.930,75,20,41,,
T,2025-10-21 16:39:11,51.49549975,0.28830136,11.25,48.415,,10.210,75,18,41,,
T,2025-10-21 16:39:12,51.49553107,0.28841295,11.86,47.638,,8.980,68,17,41,,
T,2025-10-21 16:39:13,51.49559955,0.28841954,11.61,47.233,,7.010,21,15,41,,
T,2025-10-21 16:39:14,51.49564331,0.28850517,11.86,47.932,,7.340,42,14,41,,
T,2025-10-21 16:39:15,51.49569658,0.28858537,12.65,48.040,,7.890,47,16,40,,
T,2025-10-21 16:39:16,51.49569446,0.28873913,12.87,47.764,,10.210,77,16,41,,
T,2025-10-21 16:39:17,51.49566778,0.28885799,13.03,47.577,,9.160,89,16,41,,
T,2025-10-21 16:39:18,51.49567843,0.28899871,12.92,49.143,,9.460,94,18,41,,
T,2025-10-21 16:39:19,51.49560949,0.28910940,13.28,50.251,,9.250,126,20,41,,
T,2025-10-21 16:39:20,51.49555992,0.28914915,13.56,50.535,,7.320,153,19,41,,
T,2025-10-21 16:39:21,51.49547643,0.28916194,13.14,50.842,,9.780,169,16,41,,
T,2025-10-21 16:39:22,51.49544372,0.28911644,13.07,50.423,,8.130,204,15,41,,
T,2025-10-21 16:39:23,51.49536949,0.28904497,12.95,50.609,,9.400,209,15,41,,
T,2025-10-21 16:39:24,51.49529803,0.28897257,12.86,50.903,,9.150,216,16,41,,
T,2025-10-21 16:39:25,51.49519064,0.28893107,12.32,52.443,,10.960,205,15,41,,
T,2025-10-21 16:39:26,51.49510201,0.28890011,11.71,49.928,,10.050,197,16,40,,
T,2025-10-21 16:39:27,51.49500087,0.28888100,11.72,50.339,,11.720,187,17,41,,
T,2025-10-21 16:39:28,51.49491501,0.28885580,11.49,50.216,,11.190,188,16,41,,
T,2025-10-21 16:39:29,51.49482251,0.28881865,11.24,51.778,,10.110,189,17,41,,
T,2025-10-21 16:39:30,51.49470992,0.28881018,11.27,53.152,,10.850,187,17,41,,
T,2025-10-21 16:39:31,51.49463558,0.28879602,11.34,53.567,,8.770,184,17,41,,
T,2025-10-21 16:39:32,51.49454160,0.28883281,11.96,54.345,,9.730,175,17,41,,
T,2025-10-21 16:39:33,51.49445537,0.28887293,12.84,53.801,,9.990,170,17,41,,
T,2025-10-21 16:39:34,51.49438364,0.28904498,12.36,53.586,,10.830,150,18,41,,
T,2025-10-21 16:39:35,51.49429059,0.28909710,12.77,52.821,,10.530,158,18,41,,
T,2025-10-21 16:39:36,51.49415069,0.28906704,12.23,53.683,,14.010,176,18,42,,
T,2025-10-21 16:39:37,51.49403916,0.28904137,12.37,54.480,,13.780,185,17,42,,
T,2025-10-21 16:39:38,51.49392961,0.28898474,12.18,53.977,,13.820,191,17,42,,
T,2025-10-21 16:39:39,51.49379974,0.28888776,12.24,53.688,,17.640,193,16,42,,
T,2025-10-21 16:39:40,51.49365052,0.28886805,12.18,54.224,,16.760,190,14,42,,
T,2025-10-21 16:39:41,51.49348609,0.28879895,12.12,54.443,,17.610,192,14,42,,
T,2025-10-21 16:39:42,51.49333606,0.28874738,11.73,53.517,,18.250,192,13,42,,
T,2025-10-21 16:39:43,51.49318051,0.28864680,11.34,52.312,,20.720,192,12,42,,
T,2025-10-21 16:39:44,51.49299943,0.28862424,11.41,54.754,,20.170,192,15,42,,
T,2025-10-21 16:39:45,51.49280330,0.28858861,11.28,53.592,,21.450,190,15,42,,
T,2025-10-21 16:39:46,51.49263216,0.28852220,11.43,52.682,,20.750,190,15,42,,
T,2025-10-21 16:39:47,51.49245163,0.28846950,11.46,51.432,,21.120,190,15,42,,
T,2025-10-21 16:39:48,51.49227547,0.28842056,11.64,51.118,,20.890,190,16,42,,
T,2025-10-21 16:39:49,51.49207886,0.28837286,11.82,51.011,,21.590,190,17,42,,
T,2025-10-21 16:39:50,51.49185816,0.28830580,11.62,50.356,,23.540,190,16,42,,
T,2025-10-21 16:39:51,51.49166616,0.28826413,12.07,50.894,,22.400,189,15,42,,
T,2025-10-21 16:39:52,51.49146700,0.28816980,12.05,51.227,,22.730,191,16,42,,
T,2025-10-21 16:39:53,51.49125744,0.28811385,11.69,49.920,,22.450,191,15,42,,
T,2025-10-21 16:39:54,51.49105810,0.28807681,11.54,48.865,,21.570,190,14,41,,
T,2025-10-21 16:39:55,51.49086402,0.28803189,11.70,48.080,,21.970,190,14,42,,
T,2025-10-21 16:39:56,51.49069307,0.28799006,11.79,48.353,,20.600,189,14,42,,
T,2025-10-21 16:39:57,51.49051552,0.28792942,11.91,47.252,,20.290,191,14,42,,
T,2025-10-21 16:39:58,51.49034429,0.28790134,11.96,48.274,,19.990,190,13,42,,
T,2025-10-21 16:39:59,51.49015428,0.28782219,12.02,48.052,,20.390,192,12,42,,
T,2025-10-21 16:40:00,51.48997270,0.28779061,11.81,47.725,,19.620,191,13,42,,
T,2025-10-21 16:40:01,51.48980505,0.28774256,12.05,46.123,,19.690,190,16,42,,
T,2025-10-21 16:40:02,51.48964122,0.28771967,12.13,45.401,,18.900,188,14,42,,
T,2025-10-21 16:40:03,51.48944638,0.28768596,12.11,46.534,,19.550,187,14,41,,
T,2025-10-21 16:40:04,51.48927726,0.28766254,11.86,47.645,,18.560,187,15,42,,
T,2025-10-21 16:40:05,51.48910766,0.28759422,12.15,47.747,,19.240,189,15,42,,
T,2025-10-21 16:40:06,51.48896234,0.28754458,12.04,48.132,,17.290,189,15,42,,
T,2025-10-21 16:40:07,51.48880834,0.28749458,11.67,49.468,,17.090,190,14,42,,
T,2025-10-21 16:40:08,51.48866083,0.28745151,11.54,49.337,,17.070,190,14,42,,
T,2025-10-21 16:40:09,51.48853186,0.28734916,11.88,52.058,,16.000,192,14,42,,
T,2025-10-21 16:40:10,51.48838767,0.28729719,11.59,52.457,,16.600,191,13,42,,
T,2025-10-21 16:40:11,51.48824770,0.28728525,11.92,51.653,,16.360,190,12,42,,
T,2025-10-21 16:40:12,51.48812087,0.28725006,12.04,51.768,,15.290,189,13,42,,
T,2025-10-21 16:40:13,51.48798631,0.28720124,12.73,52.148,,15.300,192,13,42,,
T,2025-10-21 16:40:14,51.48787744,0.28720198,12.74,51.944,,13.750,187,12,42,,
T,2025-10-21 16:40:15,51.48775166,0.28716841,13.36,52.950,,14.520,188,12,42,,
T,2025-10-21 16:40:16,51.48761967,0.28714155,14.58,52.598,,14.560,188,13,42,,
T,2025-10-21 16:40:17,51.48756612,0.28712340,15.46,52.545,,9.560,187,12,42,,
T,2025-10-21 16:40:18,51.48752323,0.28712773,16.50,52.752,,6.940,180,11,42,,
T,2025-10-21 16:40:19,51.48745288,0.28710026,19.82,51.877,,7.950,186,9,42,,
T,2025-10-21 16:40:20,51.48738976,0.28711000,21.37,52.584,,7.630,183,8,42,,
T,2025-10-21 16:40:21,51.48740627,0.28710152,15.99,53.099,,3.850,182,10,42,,
T,2025-10-21 16:40:22,51.48737782,0.28710531,15.42,51.828,,3.930,173,9,42,,
T,2025-10-21 16:40:23,51.48734290,0.28715726,14.84,51.529,,4.220,163,9,42,,
T,2025-10-21 16:40:24,51.48729917,0.28722433,14.28,51.054,,5.120,156,11,42,,
T,2025-10-21 16:40:25,51.48724804,0.28725830,13.97,51.113,,5.320,155,13,42,,
T,2025-10-21 16:40:26,51.48714491,0.28726056,13.14,50.918,,11.100,166,16,42,,
T,2025-10-21 16:40:27,51.48704045,0.28728068,12.69,51.354,,10.580,169,15,42,,
T,2025-10-21 16:40:28,51.48696529,0.28727069,12.42,51.091,,10.450,178,15,42,,
T,2025-10-21 16:40:29,51.48688137,0.28719141,11.98,50.397,,11.020,193,14,42,,
T,2025-10-21 16:40:30,51.48680710,0.28710421,11.82,48.798,,10.780,207,13,42,,
T,2025-10-21 16:40:31,51.48675967,0.28699344,11.67,47.208,,10.510,218,13,42,,
T,2025-10-21 16:40:32,51.48670225,0.28690933,11.57,46.339,,9.310,223,12,42,,
T,2025-10-21 16:40:33,51.48664519,0.28680029,11.93,46.123,,9.970,232,12,42,,
T,2025-10-21 16:40:34,51.48658462,0.28670663,12.67,46.826,,9.560,228,12,42,,
T,2025-10-21 16:40:35,51.48658268,0.28652000,13.06,46.331,,10.860,250,13,42,,
T,2025-10-21 16:40:36,51.48662095,0.28633961,13.14,45.897,,10.080,268,14,42,,
T,2025-10-21 16:40:37,51.48669434,0.28625174,13.64,44.617,,7.370,286,15,42,,
T,2025-10-21 16:40:38,51.48666611,0.28613028,13.80,47.032,,6.210,261,15,42,,
T,2025-10-21 16:40:39,51.48670107,0.28608194,14.48,46.739,,2.280,279,12,42,,
T,2025-10-21 16:40:40,51.48674727,0.28607979,15.10,46.426,,2.770,307,11,41,,
T,2025-10-21 16:40:41,51.48684319,0.28606327,15.39,46.369,,4.190,335,12,42,,
T,2025-10-21 16:40:42,51.48706040,0.28599534,13.87,47.079,,10.220,336,13,42,,
T,2025-10-21 16:40:43,51.48717503,0.28593452,13.76,47.727,,8.890,332,14,42,,
T,2025-10-21 16:40:44,51.48729703,0.28589559,13.28,47.983,,9.360,335,14,42,,
T,2025-10-21 16:40:45,51.48741160,0.28590587,12.80,45.360,,8.530,340,14,42,,
T,2025-10-21 16:40:46,51.48750912,0.28590371,12.34,45.347,,8.140,355,15,42,,
T,2025-10-21 16:40:47,51.48763431,0.28596202,11.88,44.906,,10.550,8,16,42,,
T,2025-10-21 16:40:48,51.48774872,0.28597466,11.52,44.043,,9.400,7,15,42,,
T,2025-10-21 16:40:49,51.48781913,0.28599023,11.73,45.481,,9.450,3,15,42,,
T,2025-10-21 16:40:50,51.48790858,0.28597845,11.79,44.700,,9.280,357,16,42,,
T,2025-10-21 16:40:51,51.48799127,0.28599871,12.19,41.785,,9.000,356,18,42,,
T,2025-10-21 16:40:52,51.48805819,0.28599053,12.52,40.965,,8.270,354,18,42,,
T,2025-10-21 16:40:53,51.48805902,0.28600843,12.07,39.481,,4.430,355,18,42,,
T,2025-10-21 16:40:54,51.48809308,0.28597072,12.19,38.775,,2.140,354,17,42,,
T,2025-10-21 16:40:55,51.48813288,0.28596475,12.61,38.905,,3.490,352,16,42,,
T,2025-10-21 16:40:56,51.48816173,0.28597289,12.39,37.904,,2.790,14,15,42,,
T,2025-10-21 16:40:57,51.48820850,0.28596717,12.36,39.244,,4.370,353,15,42,,
T,2025-10-21 16:40:58,51.48825159,0.28595298,12.32,38.648,,6.000,352,15,42,,
T,2025-10-21 16:40:59,51.48830672,0.28595637,12.53,38.899,,6.780,352,15,42,,
T,2025-10-21 16:41:00,51.48837748,0.28595120,12.32,39.461,,7.260,355,15,42,,
T,2025-10-21 16:41:01,51.48844216,0.28593867,12.34,39.778,,7.220,356,16,42,,
T,2025-10-21 16:41:02,51.48851795,0.28593633,12.45,40.925,,6.950,2,16,42,,
T,2025-10-21 16:41:03,51.48862068,0.28591273,12.57,40.614,,7.860,351,16,42,,
T,2025-10-21 16:41:04,51.48868433,0.28590592,12.92,41.035,,7.190,355,16,42,,
T,2025-10-21 16:41:05,51.48874787,0.28589012,12.84,41.327,,7.500,353,15,42,,
T,2025-10-21 16:41:06,51.48885860,0.28586484,12.39,40.936,,9.780,352,16,42,,
T,2025-10-21 16:41:07,51.48893577,0.28584955,12.10,41.139,,8.540,352,16,42,,
T,2025-10-21 16:41:08,51.48902074,0.28584209,12.06,41.662,,8.210,356,16,42,,
T,2025-10-21 16:41:09,51.48912379,0.28581832,12.40,41.625,,8.410,351,16,42,,
T,2025-10-21 16:41:10,51.48917632,0.28579560,12.45,42.749,,6.950,348,14,42,,
T,2025-10-21 16:41:11,51.48920005,0.28581717,12.37,42.774,,3.370,3,16,41,,
T,2025-10-21 16:41:12,51.48922855,0.28580656,12.25,42.477,,3.280,352,16,42,,
T,2025-10-21 16:41:13,51.48927323,0.28578147,11.65,42.533,,3.400,356,16,42,,
T,2025-10-21 16:41:14,51.48930897,0.28577003,11.71,42.378,,4.220,350,16,42,,
T,2025-10-21 16:41:15,51.48934695,0.28576888,11.41,42.129,,4.030,354,16,42,,
T,2025-10-21 16:41:16,51.48937787,0.28576409,11.46,42.378,,3.950,354,17,42,,
T,2025-10-21 16:41:17,51.48941066,0.28577587,11.54,42.792,,4.420,2,16,42,,
T,2025-10-21 16:41:18,51.48947022,0.28580133,11.48,43.554,,6.220,2,16,42,,
T,2025-10-21 16:41:19,51.48951833,0.28578426,11.89,43.920,,7.500,359,17,42,,
T,2025-10-21 16:41:20,51.48959886,0.28581472,11.22,43.596,,9.720,5,18,42,,
T,2025-10-21 16:41:21,51.48967936,0.28585806,11.27,42.095,,10.350,4,18,42,,
T,2025-10-21 16:41:22,51.48977389,0.28593057,11.00,38.782,,11.770,6,16,42,,
T,2025-10-21 16:41:23,51.48987283,0.28593459,11.17,39.730,,11.100,6,14,42,,
T,2025-10-21 16:41:24,51.48993964,0.28600798,11.38,36.626,,10.970,8,13,42,,
T,2025-10-21 16:41:25,51.49004396,0.28603851,11.33,36.385,,11.190,8,12,42,,
T,2025-10-21 16:41:26,51.49014076,0.28603078,11.08,35.943,,10.640,4,12,42,,
T,2025-10-21 16:41:27,51.49023028,0.28603554,11.23,36.146,,10.730,4,13,42,,
T,2025-10-21 16:41:28,51.49032079,0.28604907,11.65,37.384,,10.260,1,14,42,,
T,2025-10-21 16:41:29,51.49043793,0.28602520,12.48,37.981,,10.920,356,16,42,,
T,2025-10-21 16:41:30,51.49049571,0.28591750,12.07,38.758,,9.420,338,16,42,,
T,2025-10-21 16:41:31,51.49056899,0.28582471,12.06,39.989,,9.650,333,16,42,,
T,2025-10-21 16:41:32,51.49064411,0.28574409,12.04,40.105,,9.100,325,16,42,,
T,2025-10-21 16:41:33,51.49070240,0.28563731,11.86,39.919,,10.140,315,16,42,,
T,2025-10-21 16:41:34,51.49075350,0.28550006,11.60,40.684,,10.470,300,15,42,,
T,2025-10-21 16:41:35,51.49079382,0.28535189,11.41,40.732,,10.690,289,14,42,,
T,2025-10-21 16:41:36,51.49081751,0.28520577,11.18,41.097,,10.160,285,15,42,,
T,2025-10-21 16:41:37,51.49082730,0.28503321,11.00,41.390,,11.380,268,14,42,,
T,2025-10-21 16:41:38,51.49083198,0.28487074,11.04,41.014,,11.070,268,14,42,,
T,2025-10-21 16:41:39,51.49082795,0.28470770,10.95,40.826,,11.230,267,13,42,,
T,2025-10-21 16:41:40,51.49081718,0.28453216,10.79,41.897,,12.200,264,13,42,,
T,2025-10-21 16:41:41,51.49080239,0.28435555,10.64,41.607,,11.940,261,12,42,,
T,2025-10-21 16:41:42,51.49078830,0.28417851,10.80,40.818,,12.450,260,12,42,,
T,2025-10-21 16:41:43,51.49076645,0.28401002,10.70,40.939,,11.910,259,12,42,,
T,2025-10-21 16:41:44,51.49075479,0.28382454,10.78,41.983,,12.440,259,12,42,,
T,2025-10-21 16:41:45,51.49073544,0.28365524,10.78,41.388,,12.320,259,13,42,,
T,2025-10-21 16:41:46,51.49071516,0.28348277,10.57,40.922,,11.910,259,13,42,,
T,2025-10-21 16:41:47,51.49069251,0.28331558,10.46,42.112,,11.140,259,13,42,,
T,2025-10-21 16:41:48,51.49068074,0.28317337,10.52,41.690,,9.530,259,12,42,,
T,2025-10-21 16:41:49,51.49066873,0.28304394,10.62,43.570,,9.310,259,12,42,,
T,2025-10-21 16:41:50,51.49066045,0.28297727,10.47,43.947,,4.900,259,12,42,,
T,2025-10-21 16:41:51,51.49064953,0.28286908,10.84,44.204,,6.650,258,12,42,,
T,2025-10-21 16:41:52,51.49064400,0.28278606,11.42,45.063,,5.960,256,12,42,,
T,2025-10-21 16:41:53,51.49063059,0.28270072,11.92,45.240,,5.660,258,11,42,,
T,2025-10-21 16:41:54,51.49061985,0.28261738,12.16,44.973,,5.650,258,12,42,,
T,2025-10-21 16:41:55,51.49061978,0.28256276,11.32,44.727,,4.940,262,12,42,,
T,2025-10-21 16:41:56,51.49061213,0.28248816,11.51,45.852,,5.940,262,12,41,,
T,2025-10-21 16:41:57,51.49059769,0.28237118,11.15,45.576,,7.440,259,11,42,,
T,2025-10-21 16:41:58,51.49058547,0.28227883,11.41,45.363,,6.590,258,11,42,,
T,2025-10-21 16:41:59,51.49057343,0.28220963,11.23,45.864,,5.410,250,11,40,,
T,2025-10-21 16:42:00,51.49055984,0.28216988,11.82,45.518,,5.050,250,10,41,,
T,2025-10-21 16:42:01,51.49054909,0.28215274,11.56,44.547,,3.220,236,11,42,,
T,2025-10-21 16:42:02,51.49052334,0.28218147,11.00,45.137,,3.400,189,13,42,,
T,2025-10-21 16:42:03,51.49048068,0.28217156,11.04,45.770,,4.700,180,14,42,,
T,2025-10-21 16:42:04,51.49043539,0.28219293,10.95,44.608,,4.810,172,15,42,,
T,2025-10-21 16:42:05,51.49038670,0.28217570,10.82,45.388,,5.630,180,16,42,,
T,2025-10-21 16:42:06,51.49034237,0.28217968,11.02,44.455,,5.260,185,17,42,,
T,2025-10-21 16:42:07,51.49029432,0.28216589,11.63,44.778,,5.340,188,17,42,,
T,2025-10-21 16:42:08,51.49024743,0.28215542,12.79,45.180,,5.300,187,16,42,,
T,2025-10-21 16:42:09,51.49020008,0.28214639,14.35,45.162,,5.300,187,15,42,,
T,2025-10-21 16:42:10,51.49015279,0.28213751,16.32,45.162,,5.300,187,15,42,,
T,2025-10-21 16:44:12,51.48967263,0.28244064,10.36,40.004,,0.250,330,15,42,,
T,2025-10-21 16:44:13,51.48966747,0.28243696,9.51,39.561,,0.260,349,17,42,,
T,2025-10-21 16:44:14,51.48966077,0.28242967,8.67,40.760,,0.520,346,17,42,,
T,2025-10-21 16:44:15,51.48965564,0.28242178,7.83,42.655,,0.600,2,18,42,,
T,2025-10-21 16:44:16,51.48965251,0.28241519,7.36,42.852,,0.380,13,18,42,,
T,2025-10-21 16:44:17,51.48964852,0.28241419,7.62,43.054,,0.480,45,15,42,,
T,2025-10-21 16:44:18,51.48964525,0.28241658,8.63,43.028,,0.480,63,15,42,,
T,2025-10-21 16:44:19,51.48964284,0.28241910,10.50,43.134,,0.420,52,15,42,,
T,2025-10-21 16:45:14,51.48913285,0.28362339,23.68,36.749,,0.330,344,14,42,,
T,2025-10-21 16:45:15,51.48912901,0.28361671,22.97,37.344,,0.570,315,13,42,,
T,2025-10-21 16:45:16,51.48912143,0.28360033,22.48,36.778,,0.630,297,13,42,,
T,2025-10-21 16:45:17,51.48911230,0.28358282,22.01,36.570,,0.700,265,13,42,,
T,2025-10-21 16:45:18,51.48910249,0.28357324,19.72,35.882,,0.000,,13,42,,
T,2025-10-21 16:45:19,51.48909431,0.28355921,18.59,34.310,,0.240,239,12,42,,
T,2025-10-21 16:45:20,51.48908859,0.28354646,19.20,34.303,,0.240,306,10,42,,
T,2025-10-21 16:45:21,51.48908463,0.28352991,20.44,33.957,,0.510,290,10,42,,
T,2025-10-21 16:45:22,51.48907643,0.28351158,21.24,33.053,,0.440,279,10,42,,
T,2025-10-21 16:45:23,51.48907044,0.28349833,21.21,31.521,,0.320,274,10,42,,
T,2025-10-21 16:45:24,51.48907441,0.28348050,20.35,30.307,,0.970,291,11,42,,
T,2025-10-21 16:45:25,51.48907451,0.28346439,19.12,31.732,,0.330,285,12,42,,
T,2025-10-21 16:45:26,51.48907711,0.28344932,18.01,30.160,,0.000,,13,42,,
T,2025-10-21 16:45:27,51.48906878,0.28343448,16.02,28.727,,0.000,,15,42,,
T,2025-10-21 16:45:28,51.48908324,0.28343643,14.34,28.603,,0.000,,17,42,,
T,2025-10-21 16:45:29,51.48909489,0.28344235,13.18,31.373,,0.000,,18,42,,
T,2025-10-21 16:45:30,51.48910399,0.28345069,11.91,32.727,,0.000,,18,42,,
T,2025-10-21 16:45:31,51.48910626,0.28346525,10.08,36.461,,0.000,,19,42,,
T,2025-10-21 16:45:32,51.48911269,0.28347822,9.55,36.167,,0.000,,21,42,,
T,2025-10-21 16:45:33,51.48911998,0.28348358,9.53,36.989,,0.000,,21,42,,
T,2025-10-21 16:45:34,51.48912273,0.28348539,8.78,37.713,,0.000,,20,42,,
T,2025-10-21 16:45:35,51.48912339,0.28348433,8.58,37.860,,0.000,,20,42,,
T,2025-10-21 16:45:36,51.48912269,0.28348401,7.79,39.455,,0.000,,21,42,,
T,2025-10-21 16:45:37,51.48912335,0.28348759,7.52,39.299,,0.000,,20,42,,
T,2025-10-21 16:45:38,51.48912649,0.28348292,6.93,43.931,,0.000,,19,42,,
T,2025-10-21 16:45:39,51.48912347,0.28347602,6.45,47.067,,0.000,,20,42,,
T,2025-10-21 16:45:40,51.48911961,0.28346845,6.20,47.037,,0.000,,20,41,,
T,2025-10-21 16:45:41,51.48911705,0.28346526,5.65,49.441,,0.000,,22,42,,
T,2025-10-21 16:45:42,51.48911063,0.28346163,5.43,48.829,,0.000,,22,42,,
T,2025-10-21 16:45:43,51.48910627,0.28345879,5.43,48.679,,0.000,,22,42,,
T,2025-10-21 16:45:44,51.48910530,0.28345754,5.47,48.989,,0.000,,23,42,,
T,2025-10-21 16:45:45,51.48910465,0.28345722,5.43,49.001,,0.000,,24,42,,
T,2025-10-21 16:45:46,51.48910472,0.28345796,5.38,49.710,,0.000,,24,42,,
T,2025-10-21 16:45:47,51.48910405,0.28345838,5.11,49.909,,0.000,,22,42,,
