#time,trackpoint_type,latitude,longitude,altitude,accuracy_horizontal,accuracy_vertical,speed,altitude_gain,altitude_loss,sensor_distance,heartrate,cadence,power
"2025-11-15T16:17:06.433Z","SEGMENT_START_MANUAL",,,,,,,,,,,,
"2025-11-15T16:17:08.761Z","TRACKPOINT",51.376836,-2.356198,46.6,6,,6.72,,,,,,
"2025-11-15T16:17:16.763Z","TRACKPOINT",51.376909,-2.356299,53,2,,3.22,,,,,,
"2025-11-15T16:17:26.568Z","TRACKPOINT",51.376958,-2.356306,55.2,2,,3.12,,,,,,
"2025-11-15T16:17:26.776Z","IDLE",51.376958,-2.356306,55.2,2,,3.12,,,,,,
"2025-11-15T16:17:35.573Z","TRACKPOINT",51.377048,-2.35631,56.5,2,,3.7,,,,,,
"2025-11-15T16:17:44.574Z","TRACKPOINT",51.377138,-2.35631,58.5,2,,3.91,,,,,,
"2025-11-15T16:17:53.575Z","TRACKPOINT",51.377236,-2.356325,59.6,2,,2.81,,,,,,
"2025-11-15T16:18:02.576Z","TRACKPOINT",51.377291,-2.356456,63.2,2,,3.37,,,,,,
"2025-11-15T16:18:08.569Z","TRACKPOINT",51.377286,-2.356608,63.9,2,,4.04,,,,,,
"2025-11-15T16:18:18.577Z","TRACKPOINT",51.377321,-2.35671,64.1,2,,2.13,,,,,,
"2025-11-15T16:18:18.587Z","IDLE",51.377321,-2.35671,64.1,2,,2.13,,,,,,
"2025-11-15T16:18:54.588Z","TRACKPOINT",51.377918,-2.356565,54.1,10,,0,,,,,,
"2025-11-15T16:18:58.567Z","TRACKPOINT",51.377811,-2.356598,83,4,,0,,,,,,
"2025-11-15T16:19:05.567Z","TRACKPOINT",51.377675,-2.356553,79.6,2,,0,,,,,,
"2025-11-15T16:19:15.551Z","TRACKPOINT",51.37763,-2.356463,76.5,2,,0,,,,,,
"2025-11-15T16:19:15.579Z","IDLE",51.37763,-2.356463,76.5,2,,0,,,,,,
"2025-11-15T16:22:08.55Z","TRACKPOINT",51.37773,-2.356453,76,2,,2.19,,,,,,
"2025-11-15T16:22:17.542Z","TRACKPOINT",51.377821,-2.356478,78.7,2,,3.65,,,,,,
"2025-11-15T16:22:27.544Z","TRACKPOINT",51.377751,-2.356525,81.7,2,,0,,,,,,
"2025-11-15T16:22:27.552Z","IDLE",51.377751,-2.356525,81.7,2,,0,,,,,,
"2025-11-15T16:22:34.552Z","TRACKPOINT",51.37766,-2.356553,81.8,2,,1.61,,,,,,
"2025-11-15T16:22:44.546Z","TRACKPOINT",51.377666,-2.356428,81.2,2,,2.37,,,,,,
"2025-11-15T16:22:44.569Z","IDLE",51.377666,-2.356428,81.2,2,,2.37,,,,,,
"2025-11-15T16:24:41.539Z","TRACKPOINT",51.377595,-2.356548,66.1,3,,0,,,,,,
"2025-11-15T16:24:44.57Z","TRACKPOINT",51.377565,-2.356706,66.9,4,,0,,,,,,
"2025-11-15T16:24:47.556Z","TRACKPOINT",51.377555,-2.356888,67.5,4,,0,,,,,,
"2025-11-15T16:24:49.542Z","TRACKPOINT",51.377541,-2.357033,68.1,4,,14.39,,,,,,
"2025-11-15T16:24:51.546Z","TRACKPOINT",51.377496,-2.357203,68.5,4,,17.05,,,,,,
"2025-11-15T16:24:53.54Z","TRACKPOINT",51.37743,-2.357408,69,4,,19.4,,,,,,
"2025-11-15T16:24:54.54Z","TRACKPOINT",51.377373,-2.357529,69.2,3,,27.48,,,,,,
"2025-11-15T16:24:56.566Z","TRACKPOINT",51.377301,-2.357791,69.4,3,,28.86,,,,,,
"2025-11-15T16:24:58.559Z","TRACKPOINT",51.377276,-2.358078,68.2,3,,30.56,,,,,,
"2025-11-15T16:24:59.545Z","TRACKPOINT",51.377259,-2.35823,68.8,3,,32.64,,,,,,
"2025-11-15T16:25:00.546Z","TRACKPOINT",51.377228,-2.358376,69.9,3,,33.83,,,,,,
"2025-11-15T16:25:01.573Z","TRACKPOINT",51.37721,-2.358518,70.9,2,,35.04,,,,,,
"2025-11-15T16:25:02.556Z","TRACKPOINT",51.377191,-2.358668,71.6,2,,37.15,,,,,,
"2025-11-15T16:25:03.565Z","TRACKPOINT",51.377168,-2.358823,71.9,2,,38.28,,,,,,
"2025-11-15T16:25:04.577Z","TRACKPOINT",51.377163,-2.358988,73.9,2,,39.29,,,,,,
"2025-11-15T16:25:05.566Z","TRACKPOINT",51.377158,-2.359163,77.2,3,,40.22,,,,,,
"2025-11-15T16:25:06.559Z","TRACKPOINT",51.377146,-2.359333,78.6,3,,41.37,,,,,,
"2025-11-15T16:25:07.565Z","TRACKPOINT",51.377143,-2.359505,77.7,3,,40.52,,,,,,
"2025-11-15T16:25:08.569Z","TRACKPOINT",51.377148,-2.359678,76.5,2,,42.16,,,,,,
"2025-11-15T16:25:09.557Z","TRACKPOINT",51.377153,-2.359856,75,2,,42.29,,,,,,
"2025-11-15T16:25:10.548Z","TRACKPOINT",51.377166,-2.360025,75.1,2,,43.08,,,,,,
"2025-11-15T16:25:11.557Z","TRACKPOINT",51.377183,-2.360201,75.4,3,,43.55,,,,,,
"2025-11-15T16:25:12.569Z","TRACKPOINT",51.377195,-2.360398,76,3,,45.46,,,,,,
"2025-11-15T16:25:13.565Z","TRACKPOINT",51.377198,-2.360596,74.2,3,,46.7,,,,,,
"2025-11-15T16:25:14.562Z","TRACKPOINT",51.377216,-2.360765,72.9,3,,45.09,,,,,,
"2025-11-15T16:25:15.566Z","TRACKPOINT",51.377238,-2.360943,72.4,3,,47.13,,,,,,
"2025-11-15T16:25:16.549Z","TRACKPOINT",51.37725,-2.361128,70.9,3,,47.65,,,,,,
"2025-11-15T16:25:17.569Z","TRACKPOINT",51.377259,-2.361316,70,3,,47.66,,,,,,
"2025-11-15T16:25:18.567Z","TRACKPOINT",51.377286,-2.361501,70,3,,48.52,,,,,,
"2025-11-15T16:25:19.557Z","TRACKPOINT",51.377313,-2.361685,70.6,3,,51.14,,,,,,
"2025-11-15T16:25:20.552Z","TRACKPOINT",51.377334,-2.361879,70.9,3,,50.22,,,,,,
"2025-11-15T16:25:21.563Z","TRACKPOINT",51.377355,-2.362066,71.9,3,,47.86,,,,,,
"2025-11-15T16:25:22.559Z","TRACKPOINT",51.377376,-2.362251,72,3,,49.04,,,,,,
"2025-11-15T16:25:23.563Z","TRACKPOINT",51.377415,-2.362451,75.2,3,,50.45,,,,,,
"2025-11-15T16:25:24.565Z","TRACKPOINT",51.377449,-2.362655,77.5,3,,52.12,,,,,,
"2025-11-15T16:25:25.563Z","TRACKPOINT",51.377501,-2.362865,81.3,3,,54.78,,,,,,
"2025-11-15T16:25:26.549Z","TRACKPOINT",51.377548,-2.36308,84.4,3,,54.75,,,,,,
"2025-11-15T16:25:27.566Z","TRACKPOINT",51.377576,-2.363308,84.8,3,,56.55,,,,,,
"2025-11-15T16:25:28.56Z","TRACKPOINT",51.37761,-2.363543,85.1,3,,57.85,,,,,,
"2025-11-15T16:25:29.555Z","TRACKPOINT",51.377651,-2.36377,85.5,3,,57.95,,,,,,
"2025-11-15T16:25:30.565Z","TRACKPOINT",51.377685,-2.363991,85.7,3,,58.36,,,,,,
"2025-11-15T16:25:31.553Z","TRACKPOINT",51.377724,-2.364225,86.1,3,,58.76,,,,,,
"2025-11-15T16:25:32.564Z","TRACKPOINT",51.377763,-2.364463,86.6,3,,60.28,,,,,,
"2025-11-15T16:25:33.558Z","TRACKPOINT",51.377796,-2.364703,87,3,,60.28,,,,,,
"2025-11-15T16:25:34.57Z","TRACKPOINT",51.377821,-2.36494,87.9,3,,60.16,,,,,,
"2025-11-15T16:25:35.55Z","TRACKPOINT",51.377844,-2.365185,88.5,3,,61.28,,,,,,
"2025-11-15T16:25:36.557Z","TRACKPOINT",51.37787,-2.365433,89,3,,62.02,,,,,,
"2025-11-15T16:25:37.565Z","TRACKPOINT",51.377885,-2.365688,88.6,3,,63.11,,,,,,
"2025-11-15T16:25:38.569Z","TRACKPOINT",51.377898,-2.365956,88.9,3,,64.36,,,,,,
"2025-11-15T16:25:39.563Z","TRACKPOINT",51.377918,-2.366216,89.3,2,,64.06,,,,,,
"2025-11-15T16:25:40.562Z","TRACKPOINT",51.377941,-2.366471,89.9,2,,63.98,,,,,,
"2025-11-15T16:25:41.56Z","TRACKPOINT",51.37797,-2.366731,90.6,2,,65.87,,,,,,
"2025-11-15T16:25:42.571Z","TRACKPOINT",51.377991,-2.36699,91.1,3,,64.81,,,,,,
"2025-11-15T16:25:43.566Z","TRACKPOINT",51.378018,-2.367246,91.5,3,,65.24,,,,,,
"2025-11-15T16:25:44.562Z","TRACKPOINT",51.378051,-2.367505,91.6,3,,65.99,,,,,,
"2025-11-15T16:25:45.563Z","TRACKPOINT",51.37808,-2.36777,91.6,3,,66.68,,,,,,
"2025-11-15T16:25:46.565Z","TRACKPOINT",51.378105,-2.36804,91.6,3,,67.66,,,,,,
"2025-11-15T16:25:47.57Z","TRACKPOINT",51.37812,-2.368315,91.1,3,,67.79,,,,,,
"2025-11-15T16:25:48.571Z","TRACKPOINT",51.378145,-2.368586,90.9,3,,69.24,,,,,,
"2025-11-15T16:25:49.573Z","TRACKPOINT",51.378176,-2.368858,90.3,2,,68.71,,,,,,
"2025-11-15T16:25:50.563Z","TRACKPOINT",51.378206,-2.369128,90.1,2,,69.59,,,,,,
"2025-11-15T16:25:51.564Z","TRACKPOINT",51.378238,-2.369399,90.4,2,,68.49,,,,,,
"2025-11-15T16:25:52.562Z","TRACKPOINT",51.378263,-2.36967,90.2,2,,68.42,,,,,,
"2025-11-15T16:25:53.568Z","TRACKPOINT",51.378286,-2.369948,89.8,2,,70.17,,,,,,
"2025-11-15T16:25:54.562Z","TRACKPOINT",51.378313,-2.370233,89.5,2,,71.82,,,,,,
"2025-11-15T16:25:55.557Z","TRACKPOINT",51.378335,-2.370523,89.2,2,,71.86,,,,,,
"2025-11-15T16:25:56.564Z","TRACKPOINT",51.37836,-2.370813,89,2,,72.56,,,,,,
"2025-11-15T16:25:57.565Z","TRACKPOINT",51.378373,-2.37111,88.2,2,,71.21,,,,,,
"2025-11-15T16:25:58.566Z","TRACKPOINT",51.378396,-2.3714,87.7,2,,72.95,,,,,,
"2025-11-15T16:25:59.557Z","TRACKPOINT",51.378415,-2.371696,86.9,2,,72.41,,,,,,
"2025-11-15T16:26:00.563Z","TRACKPOINT",51.378441,-2.371986,86.8,2,,73.61,,,,,,
"2025-11-15T16:26:01.558Z","TRACKPOINT",51.378468,-2.37228,86.5,2,,74.02,,,,,,
"2025-11-15T16:26:02.552Z","TRACKPOINT",51.378498,-2.372576,86.3,2,,74.95,,,,,,
"2025-11-15T16:26:03.557Z","TRACKPOINT",51.378516,-2.372885,84.6,3,,73.26,,,,,,
"2025-11-15T16:26:04.56Z","TRACKPOINT",51.378534,-2.373196,83.8,3,,74.05,,,,,,
"2025-11-15T16:26:05.549Z","TRACKPOINT",51.378564,-2.373521,84.1,3,,76.2,,,,,,
"2025-11-15T16:26:06.549Z","TRACKPOINT",51.378601,-2.373838,84.8,3,,76.67,,,,,,
"2025-11-15T16:26:07.566Z","TRACKPOINT",51.37863,-2.374148,85,3,,77.15,,,,,,
"2025-11-15T16:26:08.561Z","TRACKPOINT",51.378631,-2.374446,82.7,2,,75.94,,,,,,
"2025-11-15T16:26:09.571Z","TRACKPOINT",51.378656,-2.374745,82.4,3,,76.27,,,,,,
"2025-11-15T16:26:10.557Z","TRACKPOINT",51.378676,-2.375048,81.7,3,,77.65,,,,,,
"2025-11-15T16:26:11.56Z","TRACKPOINT",51.378695,-2.375331,80.6,3,,75.46,,,,,,
"2025-11-15T16:26:12.553Z","TRACKPOINT",51.37872,-2.37562,79.4,3,,76.8,,,,,,
"2025-11-15T16:26:13.548Z","TRACKPOINT",51.378741,-2.375961,79.7,3,,79.91,,,,,,
"2025-11-15T16:26:14.561Z","TRACKPOINT",51.378795,-2.376265,76.3,3,,78.53,,,,,,
"2025-11-15T16:26:15.55Z","TRACKPOINT",51.378851,-2.376566,73.9,3,,79.46,,,,,,
"2025-11-15T16:26:16.56Z","TRACKPOINT",51.378885,-2.376876,74,3,,78.91,,,,,,
"2025-11-15T16:26:17.562Z","TRACKPOINT",51.378913,-2.377191,74.1,3,,80.68,,,,,,
"2025-11-15T16:26:18.56Z","TRACKPOINT",51.378939,-2.377508,74.3,3,,82.21,,,,,,
"2025-11-15T16:26:19.568Z","TRACKPOINT",51.37898,-2.3778,68.1,3,,80.52,,,,,,
"2025-11-15T16:26:20.562Z","TRACKPOINT",51.378986,-2.378103,55.8,3,,80.43,,,,,,
"2025-11-15T16:26:21.547Z","TRACKPOINT",51.379028,-2.378413,54.3,3,,80.5,,,,,,
"2025-11-15T16:26:22.559Z","TRACKPOINT",51.37905,-2.378733,50.3,2,,81.97,,,,,,
"2025-11-15T16:26:23.569Z","TRACKPOINT",51.379083,-2.37906,50.7,3,,81.86,,,,,,
"2025-11-15T16:26:24.561Z","TRACKPOINT",51.379108,-2.379401,52.6,3,,83.05,,,,,,
"2025-11-15T16:26:25.562Z","TRACKPOINT",51.379126,-2.379753,52.6,3,,83.46,,,,,,
"2025-11-15T16:26:26.572Z","TRACKPOINT",51.379156,-2.380098,53.3,3,,84.04,,,,,,
"2025-11-15T16:26:27.553Z","TRACKPOINT",51.379183,-2.380441,53.9,3,,84.36,,,,,,
"2025-11-15T16:26:28.563Z","TRACKPOINT",51.379209,-2.380776,54.6,3,,86.03,,,,,,
"2025-11-15T16:26:29.562Z","TRACKPOINT",51.379238,-2.381121,57.8,2,,84.93,,,,,,
"2025-11-15T16:26:30.548Z","TRACKPOINT",51.379271,-2.381453,59.7,3,,84.99,,,,,,
"2025-11-15T16:26:31.579Z","TRACKPOINT",51.379306,-2.381791,64.4,3,,85.41,,,,,,
"2025-11-15T16:26:32.553Z","TRACKPOINT",51.379344,-2.382133,68.6,2,,88.3,,,,,,
"2025-11-15T16:26:33.558Z","TRACKPOINT",51.379403,-2.382465,72.1,3,,85.1,,,,,,
"2025-11-15T16:26:34.55Z","TRACKPOINT",51.379434,-2.382801,73.2,3,,84,,,,,,
"2025-11-15T16:26:35.547Z","TRACKPOINT",51.379475,-2.38315,74,3,,87.31,,,,,,
"2025-11-15T16:26:36.554Z","TRACKPOINT",51.37949,-2.383496,72,3,,84.83,,,,,,
"2025-11-15T16:26:37.56Z","TRACKPOINT",51.379533,-2.383836,68.5,3,,87.11,,,,,,
"2025-11-15T16:26:38.572Z","TRACKPOINT",51.379569,-2.384185,69.4,3,,86.61,,,,,,
"2025-11-15T16:26:39.571Z","TRACKPOINT",51.379601,-2.384531,70.5,3,,88.38,,,,,,
"2025-11-15T16:26:40.569Z","TRACKPOINT",51.379633,-2.384878,70.9,3,,87.25,,,,,,
"2025-11-15T16:26:41.56Z","TRACKPOINT",51.379686,-2.385224,73.3,3,,88.33,,,,,,
"2025-11-15T16:26:42.567Z","TRACKPOINT",51.379721,-2.385566,74.2,3,,89.07,,,,,,
"2025-11-15T16:26:43.56Z","TRACKPOINT",51.37976,-2.385921,74.4,3,,88.5,,,,,,
"2025-11-15T16:26:44.566Z","TRACKPOINT",51.379793,-2.386266,68.6,3,,87.26,,,,,,
"2025-11-15T16:26:45.549Z","TRACKPOINT",51.379825,-2.386616,63.8,3,,90.42,,,,,,
"2025-11-15T16:26:46.547Z","TRACKPOINT",51.379843,-2.387,64.4,3,,89.71,,,,,,
"2025-11-15T16:26:47.568Z","TRACKPOINT",51.379871,-2.387345,60.9,3,,88.43,,,,,,
"2025-11-15T16:26:48.562Z","TRACKPOINT",51.3799,-2.387698,56.1,3,,90.3,,,,,,
"2025-11-15T16:26:49.569Z","TRACKPOINT",51.379938,-2.388063,56.2,2,,92.05,,,,,,
"2025-11-15T16:26:50.55Z","TRACKPOINT",51.379973,-2.388431,56.2,2,,92.11,,,,,,
"2025-11-15T16:26:51.551Z","TRACKPOINT",51.380019,-2.388795,50.3,2,,92.52,,,,,,
"2025-11-15T16:26:52.567Z","TRACKPOINT",51.380054,-2.389173,49.2,2,,92.11,,,,,,
"2025-11-15T16:26:53.564Z","TRACKPOINT",51.380095,-2.38954,49.2,2,,91.43,,,,,,
"2025-11-15T16:26:54.553Z","TRACKPOINT",51.380133,-2.389903,49.2,2,,92.11,,,,,,
"2025-11-15T16:26:55.551Z","TRACKPOINT",51.380174,-2.390273,49.2,2,,94.27,,,,,,
"2025-11-15T16:26:56.567Z","TRACKPOINT",51.380215,-2.390646,49.5,2,,92.98,,,,,,
"2025-11-15T16:26:57.55Z","TRACKPOINT",51.380256,-2.391013,49.5,2,,92.89,,,,,,
"2025-11-15T16:26:58.561Z","TRACKPOINT",51.3803,-2.39138,50.3,2,,92.58,,,,,,
"2025-11-15T16:26:59.56Z","TRACKPOINT",51.38035,-2.391745,51.1,2,,93.87,,,,,,
"2025-11-15T16:27:00.564Z","TRACKPOINT",51.380398,-2.39211,51,2,,93.8,,,,,,
"2025-11-15T16:27:01.564Z","TRACKPOINT",51.380458,-2.392481,60.5,2,,93.79,,,,,,
"2025-11-15T16:27:02.605Z","TRACKPOINT",51.380511,-2.392846,61.4,2,,94.08,,,,,,
"2025-11-15T16:27:03.546Z","TRACKPOINT",51.380573,-2.393208,68,2,,99.46,,,,,,
"2025-11-15T16:27:04.541Z","TRACKPOINT",51.380638,-2.393588,68.4,2,,96.37,,,,,,
"2025-11-15T16:27:05.564Z","TRACKPOINT",51.380708,-2.393963,68.2,2,,97.99,,,,,,
"2025-11-15T16:27:06.572Z","TRACKPOINT",51.380796,-2.394318,62,2,,94.09,,,,,,
"2025-11-15T16:27:07.555Z","TRACKPOINT",51.380873,-2.394695,61.1,3,,98.47,,,,,,
"2025-11-15T16:27:08.557Z","TRACKPOINT",51.380973,-2.395069,65,2,,98.33,,,,,,
"2025-11-15T16:27:09.561Z","TRACKPOINT",51.38107,-2.395431,65.1,2,,98.36,,,,,,
"2025-11-15T16:27:10.566Z","TRACKPOINT",51.38116,-2.395791,64.9,2,,97.48,,,,,,
"2025-11-15T16:27:11.559Z","TRACKPOINT",51.381269,-2.39614,67.3,2,,96.7,,,,,,
"2025-11-15T16:27:12.565Z","TRACKPOINT",51.381373,-2.396491,70.1,2,,96.56,,,,,,
"2025-11-15T16:27:13.566Z","TRACKPOINT",51.38147,-2.39685,70.3,2,,98.79,,,,,,
"2025-11-15T16:27:14.558Z","TRACKPOINT",51.381573,-2.397188,64.1,2,,98.76,,,,,,
"2025-11-15T16:27:15.562Z","TRACKPOINT",51.381688,-2.397523,60.3,3,,96.5,,,,,,
"2025-11-15T16:27:16.556Z","TRACKPOINT",51.381803,-2.397871,62.8,3,,97.98,,,,,,
"2025-11-15T16:27:17.555Z","TRACKPOINT",51.38194,-2.398233,70.3,3,,102.37,,,,,,
"2025-11-15T16:27:18.564Z","TRACKPOINT",51.382065,-2.398584,70.7,3,,100.38,,,,,,
"2025-11-15T16:27:19.548Z","TRACKPOINT",51.382183,-2.398921,71.8,3,,98.6,,,,,,
"2025-11-15T16:27:20.565Z","TRACKPOINT",51.382304,-2.39926,72.8,3,,100.36,,,,,,
"2025-11-15T16:27:21.556Z","TRACKPOINT",51.38243,-2.399594,73,3,,99.09,,,,,,
"2025-11-15T16:27:22.571Z","TRACKPOINT",51.382568,-2.39992,73.5,3,,99.51,,,,,,
"2025-11-15T16:27:23.546Z","TRACKPOINT",51.382705,-2.400251,73.7,3,,98.57,,,,,,
"2025-11-15T16:27:24.546Z","TRACKPOINT",51.382855,-2.400583,73.9,3,,99.35,,,,,,
"2025-11-15T16:27:25.569Z","TRACKPOINT",51.383006,-2.400913,74.1,3,,101.08,,,,,,
"2025-11-15T16:27:26.565Z","TRACKPOINT",51.383148,-2.401238,74.3,3,,99.07,,,,,,
"2025-11-15T16:27:27.557Z","TRACKPOINT",51.383299,-2.401556,74.6,4,,99.15,,,,,,
"2025-11-15T16:27:28.565Z","TRACKPOINT",51.38345,-2.401873,74.8,14,,100,,,,,,
"2025-11-15T16:27:29.549Z","TRACKPOINT",51.383606,-2.402195,75.1,16,,101.19,,,,,,
"2025-11-15T16:27:30.563Z","TRACKPOINT",51.383765,-2.402504,75.3,20,,100.59,,,,,,
"2025-11-15T16:27:31.58Z","TRACKPOINT",51.383938,-2.402834,75.5,5,,101.68,,,,,,
"2025-11-15T16:27:32.557Z","TRACKPOINT",51.384133,-2.403165,75.7,5,,104.16,,,,,,
"2025-11-15T16:27:33.55Z","TRACKPOINT",51.384358,-2.403493,76,5,,106.45,,,,,,
"2025-11-15T16:27:34.563Z","TRACKPOINT",51.384559,-2.403806,76.6,5,,107.24,,,,,,
"2025-11-15T16:27:35.559Z","TRACKPOINT",51.384751,-2.404125,77,5,,108.3,,,,,,
"2025-11-15T16:27:36.569Z","TRACKPOINT",51.384935,-2.404441,77.3,27,,108.17,,,,,,
"2025-11-15T16:27:46.581Z","IDLE",,,,,,,,,,,,
"2025-11-15T16:27:48.572Z","SEGMENT_START_AUTOMATIC",51.386613,-2.40806,74.2,7,,105.9,,,,,,
"2025-11-15T16:27:49.562Z","TRACKPOINT",51.386581,-2.408808,55,6,,107.63,,,,,,
"2025-11-15T16:27:50.557Z","TRACKPOINT",51.38672,-2.409415,53.8,4,,110.7,,,,,,
"2025-11-15T16:27:51.559Z","TRACKPOINT",51.38684,-2.409921,64.5,4,,110.65,,,,,,
"2025-11-15T16:27:52.573Z","TRACKPOINT",51.386963,-2.410351,70.5,3,,108.9,,,,,,
"2025-11-15T16:27:53.551Z","TRACKPOINT",51.387069,-2.410751,74.5,3,,109.93,,,,,,
"2025-11-15T16:27:54.561Z","TRACKPOINT",51.387266,-2.411184,104.2,3,,110.45,,,,,,
"2025-11-15T16:27:55.55Z","TRACKPOINT",51.387366,-2.411605,101.1,3,,110.09,,,,,,
"2025-11-15T16:27:56.563Z","TRACKPOINT",51.38745,-2.412048,100.3,3,,109.5,,,,,,
"2025-11-15T16:27:57.559Z","TRACKPOINT",51.387548,-2.412475,100.8,3,,111.8,,,,,,
"2025-11-15T16:27:58.561Z","TRACKPOINT",51.387631,-2.412881,101.4,3,,110.49,,,,,,
"2025-11-15T16:27:59.557Z","TRACKPOINT",51.38772,-2.413301,101.5,3,,111.18,,,,,,
"2025-11-15T16:28:00.558Z","TRACKPOINT",51.387808,-2.413733,101.6,3,,113.03,,,,,,
"2025-11-15T16:28:01.552Z","TRACKPOINT",51.38789,-2.41417,101.6,3,,112.27,,,,,,
"2025-11-15T16:28:02.553Z","TRACKPOINT",51.387961,-2.414598,101.9,3,,113.24,,,,,,
"2025-11-15T16:28:03.559Z","TRACKPOINT",51.388031,-2.415033,102.2,3,,112.19,,,,,,
"2025-11-15T16:28:04.546Z","TRACKPOINT",51.3881,-2.415468,102,3,,112.16,,,,,,
"2025-11-15T16:28:05.554Z","TRACKPOINT",51.388173,-2.415896,101.9,3,,114.48,,,,,,
"2025-11-15T16:28:06.564Z","TRACKPOINT",51.388245,-2.416341,101.9,3,,115.31,,,,,,
"2025-11-15T16:28:07.571Z","TRACKPOINT",51.388315,-2.416785,101.8,3,,113.43,,,,,,
"2025-11-15T16:28:08.556Z","TRACKPOINT",51.388385,-2.417236,101.6,3,,114.59,,,,,,
"2025-11-15T16:28:09.548Z","TRACKPOINT",51.388448,-2.417655,101.2,3,,113.37,,,,,,
"2025-11-15T16:28:10.56Z","TRACKPOINT",51.388521,-2.41808,95.4,3,,112.72,,,,,,
"2025-11-15T16:28:11.559Z","TRACKPOINT",51.388551,-2.418513,95.9,3,,111.47,,,,,,
"2025-11-15T16:28:12.554Z","TRACKPOINT",51.388546,-2.41896,96.4,3,,113.32,,,,,,
"2025-11-15T16:28:13.55Z","TRACKPOINT",51.388548,-2.419421,97,3,,112.61,,,,,,
"2025-11-15T16:28:14.578Z","TRACKPOINT",51.388558,-2.419881,97,3,,113.68,,,,,,
"2025-11-15T16:28:15.548Z","TRACKPOINT",51.388463,-2.420369,86.4,3,,113.63,,,,,,
"2025-11-15T16:28:16.564Z","TRACKPOINT",51.388466,-2.420835,86.5,2,,114.59,,,,,,
"2025-11-15T16:28:17.554Z","TRACKPOINT",51.388488,-2.421291,86.2,2,,113.04,,,,,,
"2025-11-15T16:28:18.547Z","TRACKPOINT",51.38851,-2.421754,85.8,2,,115.7,,,,,,
"2025-11-15T16:28:19.552Z","TRACKPOINT",51.388546,-2.422221,85.1,2,,116.65,,,,,,
"2025-11-15T16:28:20.566Z","TRACKPOINT",51.388521,-2.4227,69.4,2,,114.74,,,,,,
"2025-11-15T16:28:21.555Z","TRACKPOINT",51.388528,-2.423171,64,3,,113.97,,,,,,
"2025-11-15T16:28:22.556Z","TRACKPOINT",51.388553,-2.423638,63.7,3,,116.17,,,,,,
"2025-11-15T16:28:23.549Z","TRACKPOINT",51.388591,-2.4241,63.4,2,,116.21,,,,,,
"2025-11-15T16:28:24.565Z","TRACKPOINT",51.38865,-2.424565,63.5,3,,118.79,,,,,,
"2025-11-15T16:28:25.557Z","TRACKPOINT",51.3887,-2.425024,63,2,,117.85,,,,,,
"2025-11-15T16:28:26.555Z","TRACKPOINT",51.388758,-2.425471,62.8,3,,116.59,,,,,,
"2025-11-15T16:28:27.571Z","TRACKPOINT",51.388838,-2.425916,63.8,3,,118.61,,,,,,
"2025-11-15T16:28:28.569Z","TRACKPOINT",51.388906,-2.426373,63.6,3,,118.3,,,,,,
"2025-11-15T16:28:29.566Z","TRACKPOINT",51.388996,-2.426813,66.9,2,,117.8,,,,,,
"2025-11-15T16:28:30.553Z","TRACKPOINT",51.38908,-2.427256,67.6,3,,117.14,,,,,,
"2025-11-15T16:28:31.568Z","TRACKPOINT",51.389165,-2.427703,67.7,3,,117.73,,,,,,
"2025-11-15T16:28:32.561Z","TRACKPOINT",51.38926,-2.428171,68.5,2,,118.03,,,,,,
"2025-11-15T16:28:33.566Z","TRACKPOINT",51.389358,-2.428603,68.7,3,,118.09,,,,,,
"2025-11-15T16:28:34.551Z","TRACKPOINT",51.389461,-2.429011,64,2,,118.06,,,,,,
"2025-11-15T16:28:35.566Z","TRACKPOINT",51.389575,-2.429441,63.5,2,,118.76,,,,,,
"2025-11-15T16:28:36.558Z","TRACKPOINT",51.389693,-2.429876,63.6,2,,118.3,,,,,,
"2025-11-15T16:28:37.561Z","TRACKPOINT",51.389815,-2.430323,63.4,2,,118.78,,,,,,
"2025-11-15T16:28:38.565Z","TRACKPOINT",51.389945,-2.430753,60.8,2,,116.91,,,,,,
"2025-11-15T16:28:39.557Z","TRACKPOINT",51.390074,-2.431173,60.3,2,,119.82,,,,,,
"2025-11-15T16:28:40.552Z","TRACKPOINT",51.390213,-2.431603,60.7,3,,121.31,,,,,,
"2025-11-15T16:28:41.568Z","TRACKPOINT",51.390359,-2.432023,60.9,2,,120.16,,,,,,
"2025-11-15T16:28:42.565Z","TRACKPOINT",51.390511,-2.432446,60.5,2,,120.49,,,,,,
"2025-11-15T16:28:43.564Z","TRACKPOINT",51.390666,-2.432865,60.2,2,,119.58,,,,,,
"2025-11-15T16:28:44.551Z","TRACKPOINT",51.390823,-2.433276,63.4,2,,119.52,,,,,,
"2025-11-15T16:28:45.551Z","TRACKPOINT",51.390985,-2.43368,67.8,2,,119.97,,,,,,
"2025-11-15T16:28:46.548Z","TRACKPOINT",51.391148,-2.434084,68,2,,120.93,,,,,,
"2025-11-15T16:28:47.567Z","TRACKPOINT",51.391315,-2.434485,69.4,2,,120.91,,,,,,
"2025-11-15T16:28:48.564Z","TRACKPOINT",51.391501,-2.434875,70.5,2,,123.32,,,,,,
"2025-11-15T16:28:49.567Z","TRACKPOINT",51.391675,-2.435261,70.8,2,,121.15,,,,,,
"2025-11-15T16:28:50.567Z","TRACKPOINT",51.391846,-2.435651,68.8,2,,121.58,,,,,,
"2025-11-15T16:28:51.562Z","TRACKPOINT",51.392021,-2.436053,68.2,2,,121.47,,,,,,
"2025-11-15T16:28:52.567Z","TRACKPOINT",51.392193,-2.436456,67.8,2,,121.5,,,,,,
"2025-11-15T16:28:53.569Z","TRACKPOINT",51.392368,-2.436861,67.5,2,,122.79,,,,,,
"2025-11-15T16:28:54.562Z","TRACKPOINT",51.392541,-2.437261,65.8,2,,123.62,,,,,,
"2025-11-15T16:28:55.565Z","TRACKPOINT",51.392718,-2.437663,65.6,2,,122.07,,,,,,
"2025-11-15T16:28:56.56Z","TRACKPOINT",51.392873,-2.438068,69,2,,125.38,,,,,,
"2025-11-15T16:28:57.56Z","TRACKPOINT",51.393045,-2.438483,74.5,2,,123.64,,,,,,
"2025-11-15T16:28:58.563Z","TRACKPOINT",51.393223,-2.438881,73.9,3,,123.14,,,,,,
"2025-11-15T16:28:59.568Z","TRACKPOINT",51.393421,-2.439285,72.8,3,,122.37,,,,,,
"2025-11-15T16:29:00.565Z","TRACKPOINT",51.393603,-2.439695,69,3,,122.39,,,,,,
"2025-11-15T16:29:01.55Z","TRACKPOINT",51.393776,-2.440091,63,3,,123.05,,,,,,
"2025-11-15T16:29:02.555Z","TRACKPOINT",51.393946,-2.440488,62.1,3,,125.42,,,,,,
"2025-11-15T16:29:03.561Z","TRACKPOINT",51.394123,-2.440896,61.6,3,,125,,,,,,
"2025-11-15T16:29:04.555Z","TRACKPOINT",51.394298,-2.441311,60,3,,124.29,,,,,,
"2025-11-15T16:29:05.551Z","TRACKPOINT",51.394478,-2.441713,59.7,3,,122.95,,,,,,
"2025-11-15T16:29:06.567Z","TRACKPOINT",51.394638,-2.442118,66.9,3,,123.42,,,,,,
"2025-11-15T16:29:07.552Z","TRACKPOINT",51.394818,-2.442528,66.6,3,,127.4,,,,,,
"2025-11-15T16:29:08.575Z","TRACKPOINT",51.394995,-2.442938,66.4,3,,123.75,,,,,,
"2025-11-15T16:29:09.553Z","TRACKPOINT",51.395168,-2.443331,68.7,3,,122.81,,,,,,
"2025-11-15T16:29:10.559Z","TRACKPOINT",51.395346,-2.443728,68.9,3,,125.19,,,,,,
"2025-11-15T16:29:11.568Z","TRACKPOINT",51.395533,-2.444118,69.4,3,,123.52,,,,,,
"2025-11-15T16:29:12.56Z","TRACKPOINT",51.395716,-2.444513,70.5,3,,123.55,,,,,,
"2025-11-15T16:29:13.56Z","TRACKPOINT",51.39592,-2.444893,70.9,3,,124.57,,,,,,
"2025-11-15T16:29:14.559Z","TRACKPOINT",51.396121,-2.445281,71.3,3,,124.63,,,,,,
"2025-11-15T16:29:15.572Z","TRACKPOINT",51.396338,-2.445661,71.3,3,,126.76,,,,,,
"2025-11-15T16:29:16.563Z","TRACKPOINT",51.396544,-2.446091,62.2,3,,128.08,,,,,,
"2025-11-15T16:29:17.561Z","TRACKPOINT",51.396759,-2.446478,61.4,3,,126.83,,,,,,
"2025-11-15T16:29:18.548Z","TRACKPOINT",51.396975,-2.44684,61,3,,126.29,,,,,,
"2025-11-15T16:29:19.549Z","TRACKPOINT",51.397195,-2.447195,58.8,2,,124.33,,,,,,
"2025-11-15T16:29:20.554Z","TRACKPOINT",51.39743,-2.44753,54.1,3,,124.63,,,,,,
"2025-11-15T16:29:21.55Z","TRACKPOINT",51.397661,-2.44788,53.4,2,,127.26,,,,,,
"2025-11-15T16:29:22.547Z","TRACKPOINT",51.39789,-2.44823,52.9,3,,126.46,,,,,,
"2025-11-15T16:29:23.553Z","TRACKPOINT",51.398131,-2.448566,52.4,3,,126.79,,,,,,
"2025-11-15T16:29:24.549Z","TRACKPOINT",51.398376,-2.448893,52.1,3,,128.09,,,,,,
"2025-11-15T16:29:25.562Z","TRACKPOINT",51.398621,-2.449213,55.8,2,,125.92,,,,,,
"2025-11-15T16:29:26.558Z","TRACKPOINT",51.398861,-2.44954,55.8,2,,127.7,,,,,,
"2025-11-15T16:29:27.56Z","TRACKPOINT",51.399104,-2.449865,55.6,2,,125.49,,,,,,
"2025-11-15T16:29:28.555Z","TRACKPOINT",51.39935,-2.450193,55.2,2,,126.45,,,,,,
"2025-11-15T16:29:29.555Z","TRACKPOINT",51.399599,-2.450528,54.9,2,,128.96,,,,,,
"2025-11-15T16:29:30.555Z","TRACKPOINT",51.399845,-2.450856,54.9,2,,126.89,,,,,,
"2025-11-15T16:29:31.552Z","TRACKPOINT",51.40009,-2.451171,51.7,3,,126.08,,,,,,
"2025-11-15T16:29:32.562Z","TRACKPOINT",51.400345,-2.451491,51.9,3,,129.41,,,,,,
"2025-11-15T16:29:33.56Z","TRACKPOINT",51.400596,-2.451823,52.6,3,,127.74,,,,,,
"2025-11-15T16:29:34.56Z","TRACKPOINT",51.400838,-2.452141,52.3,3,,126.09,,,,,,
"2025-11-15T16:29:35.56Z","TRACKPOINT",51.40108,-2.452466,52.1,3,,128.53,,,,,,
"2025-11-15T16:29:36.56Z","TRACKPOINT",51.401335,-2.452791,51.6,3,,128.9,,,,,,
"2025-11-15T16:29:37.558Z","TRACKPOINT",51.401581,-2.453115,51,3,,127.64,,,,,,
"2025-11-15T16:29:38.558Z","TRACKPOINT",51.40182,-2.453428,50.5,3,,123.68,,,,,,
"2025-11-15T16:29:39.555Z","TRACKPOINT",51.402049,-2.453741,50.2,3,,122.89,,,,,,
"2025-11-15T16:29:40.563Z","TRACKPOINT",51.402274,-2.454066,49.8,3,,123.78,,,,,,
"2025-11-15T16:29:41.563Z","TRACKPOINT",51.402505,-2.454395,49.3,3,,123.8,,,,,,
"2025-11-15T16:29:42.562Z","TRACKPOINT",51.402758,-2.454725,48.9,3,,125.57,,,,,,
"2025-11-15T16:29:43.561Z","TRACKPOINT",51.403015,-2.455053,49,4,,125.93,,,,,,
"2025-11-15T16:29:44.554Z","TRACKPOINT",51.403258,-2.455378,48.7,4,,128.48,,,,,,
"2025-11-15T16:29:45.564Z","TRACKPOINT",51.403525,-2.455711,49,4,,130.17,,,,,,
"2025-11-15T16:29:46.567Z","TRACKPOINT",51.403788,-2.456041,49.3,4,,129.82,,,,,,
"2025-11-15T16:29:47.55Z","TRACKPOINT",51.404053,-2.456358,49,4,,130.24,,,,,,
"2025-11-15T16:29:48.55Z","TRACKPOINT",51.40431,-2.456676,48.8,4,,130.22,,,,,,
"2025-11-15T16:29:49.558Z","TRACKPOINT",51.404565,-2.457,48.6,5,,130.29,,,,,,
"2025-11-15T16:29:50.564Z","TRACKPOINT",51.404821,-2.457323,48.4,6,,130.34,,,,,,
"2025-11-15T16:29:51.555Z","TRACKPOINT",51.405078,-2.457646,48.1,6,,130.4,,,,,,
"2025-11-15T16:29:52.561Z","TRACKPOINT",51.405279,-2.458036,48,6,,129.74,,,,,,
"2025-11-15T16:29:53.559Z","TRACKPOINT",51.405558,-2.458413,47.9,5,,131.66,,,,,,
"2025-11-15T16:29:54.565Z","TRACKPOINT",51.405821,-2.45878,47.8,5,,130.33,,,,,,
"2025-11-15T16:29:55.562Z","TRACKPOINT",51.406073,-2.459116,47.5,4,,130.33,,,,,,
"2025-11-15T16:29:56.555Z","TRACKPOINT",51.406335,-2.459458,47.2,4,,131.86,,,,,,
"2025-11-15T16:29:57.54Z","TRACKPOINT",51.406578,-2.459795,46.9,4,,129.42,,,,,,
"2025-11-15T16:29:58.56Z","TRACKPOINT",51.406835,-2.460124,46.4,4,,132.13,,,,,,
"2025-11-15T16:29:59.558Z","TRACKPOINT",51.407153,-2.460486,59.5,4,,136.98,,,,,,
"2025-11-15T16:30:00.558Z","TRACKPOINT",51.407448,-2.460846,63.3,3,,139.48,,,,,,
"2025-11-15T16:30:01.569Z","TRACKPOINT",51.407695,-2.461226,63.5,3,,137.44,,,,,,
"2025-11-15T16:30:02.56Z","TRACKPOINT",51.40793,-2.461605,63.5,3,,135.66,,,,,,
"2025-11-15T16:30:03.562Z","TRACKPOINT",51.408133,-2.461964,63.2,4,,130.84,,,,,,
"2025-11-15T16:30:04.563Z","TRACKPOINT",51.408306,-2.462339,67.4,3,,129.19,,,,,,
"2025-11-15T16:30:05.561Z","TRACKPOINT",51.408479,-2.462723,67.1,3,,127.91,,,,,,
"2025-11-15T16:30:06.567Z","TRACKPOINT",51.408678,-2.463133,69.8,3,,130.07,,,,,,
"2025-11-15T16:30:07.563Z","TRACKPOINT",51.408863,-2.463536,67.2,3,,129.96,,,,,,
"2025-11-15T16:30:08.566Z","TRACKPOINT",51.40907,-2.463938,64.2,3,,132.55,,,,,,
"2025-11-15T16:30:09.566Z","TRACKPOINT",51.409286,-2.464346,64.1,3,,133.99,,,,,,
"2025-11-15T16:30:10.549Z","TRACKPOINT",51.409508,-2.46477,66.3,3,,133.91,,,,,,
"2025-11-15T16:30:11.559Z","TRACKPOINT",51.409703,-2.465185,63.8,3,,132.7,,,,,,
"2025-11-15T16:30:12.555Z","TRACKPOINT",51.409903,-2.465603,63.9,3,,131.84,,,,,,
"2025-11-15T16:30:13.555Z","TRACKPOINT",51.410091,-2.466025,63.9,3,,129.89,,,,,,
"2025-11-15T16:30:14.558Z","TRACKPOINT",51.410281,-2.466455,64,3,,132.67,,,,,,
"2025-11-15T16:30:15.557Z","TRACKPOINT",51.410461,-2.466893,64,3,,130.14,,,,,,
"2025-11-15T16:30:16.565Z","TRACKPOINT",51.410641,-2.467323,63.8,3,,127.64,,,,,,
"2025-11-15T16:30:17.566Z","TRACKPOINT",51.41084,-2.46775,63.6,3,,132.32,,,,,,
"2025-11-15T16:30:18.561Z","TRACKPOINT",51.411033,-2.4682,63.4,3,,133.92,,,,,,
"2025-11-15T16:30:19.558Z","TRACKPOINT",51.411213,-2.46866,61.6,2,,134.01,,,,,,
"2025-11-15T16:30:20.556Z","TRACKPOINT",51.411396,-2.469113,61.4,2,,133.6,,,,,,
"2025-11-15T16:30:21.563Z","TRACKPOINT",51.411588,-2.469571,61,2,,135.11,,,,,,
"2025-11-15T16:30:22.555Z","TRACKPOINT",51.411775,-2.470036,60.8,2,,134.51,,,,,,
"2025-11-15T16:30:23.56Z","TRACKPOINT",51.411955,-2.470516,60.4,2,,137.36,,,,,,
"2025-11-15T16:30:24.549Z","TRACKPOINT",51.41213,-2.470993,60.6,2,,137.27,,,,,,
"2025-11-15T16:30:25.55Z","TRACKPOINT",51.412286,-2.471473,60.7,2,,135.12,,,,,,
"2025-11-15T16:30:26.549Z","TRACKPOINT",51.41244,-2.47195,60.7,2,,134.62,,,,,,
"2025-11-15T16:30:27.566Z","TRACKPOINT",51.412588,-2.472428,61.1,2,,134.72,,,,,,
"2025-11-15T16:30:28.551Z","TRACKPOINT",51.412738,-2.47292,61,2,,137.83,,,,,,
"2025-11-15T16:30:29.571Z","TRACKPOINT",51.412893,-2.473413,60.5,2,,136.74,,,,,,
"2025-11-15T16:30:30.551Z","TRACKPOINT",51.413056,-2.473936,66.9,2,,138.51,,,,,,
"2025-11-15T16:30:31.57Z","TRACKPOINT",51.413198,-2.47446,70.5,2,,135.46,,,,,,
"2025-11-15T16:30:32.554Z","TRACKPOINT",51.413333,-2.474963,70.5,2,,137.97,,,,,,
"2025-11-15T16:30:33.563Z","TRACKPOINT",51.413441,-2.475478,66.2,2,,135.65,,,,,,
"2025-11-15T16:30:34.558Z","TRACKPOINT",51.41354,-2.475996,62.8,2,,136.06,,,,,,
"2025-11-15T16:30:35.552Z","TRACKPOINT",51.413655,-2.476525,50,3,,134.74,,,,,,
"2025-11-15T16:30:36.548Z","TRACKPOINT",51.41377,-2.47704,49.5,3,,134.86,,,,,,
"2025-11-15T16:30:37.562Z","TRACKPOINT",51.413895,-2.47756,49.7,2,,136.19,,,,,,
"2025-11-15T16:30:38.563Z","TRACKPOINT",51.414036,-2.478096,50.7,3,,138.89,,,,,,
"2025-11-15T16:30:39.559Z","TRACKPOINT",51.414148,-2.478636,53.9,2,,139.55,,,,,,
"2025-11-15T16:30:40.564Z","TRACKPOINT",51.41426,-2.479168,55.7,2,,138.71,,,,,,
"2025-11-15T16:30:41.555Z","TRACKPOINT",51.414354,-2.479705,55.6,2,,139.32,,,,,,
"2025-11-15T16:30:42.562Z","TRACKPOINT",51.414446,-2.480243,55.6,2,,138.52,,,,,,
"2025-11-15T16:30:43.559Z","TRACKPOINT",51.414533,-2.480776,55.4,2,,137.38,,,,,,
"2025-11-15T16:30:44.571Z","TRACKPOINT",51.414621,-2.481303,54.8,3,,138.65,,,,,,
"2025-11-15T16:30:45.563Z","TRACKPOINT",51.414681,-2.48184,52.3,2,,139.73,,,,,,
"2025-11-15T16:30:46.56Z","TRACKPOINT",51.414761,-2.482371,52.1,2,,139.28,,,,,,
"2025-11-15T16:30:47.565Z","TRACKPOINT",51.414841,-2.482903,51.7,2,,140.46,,,,,,
"2025-11-15T16:30:48.6Z","TRACKPOINT",51.414921,-2.483431,51.3,2,,138.11,,,,,,
"2025-11-15T16:30:49.546Z","TRACKPOINT",51.414995,-2.483968,50.4,2,,139.78,,,,,,
"2025-11-15T16:30:50.546Z","TRACKPOINT",51.415088,-2.484511,50.5,2,,144.06,,,,,,
"2025-11-15T16:30:51.559Z","TRACKPOINT",51.415168,-2.485065,51.3,2,,140.84,,,,,,
"2025-11-15T16:30:52.539Z","TRACKPOINT",51.415258,-2.485638,53.2,3,,142,,,,,,
"2025-11-15T16:30:53.54Z","TRACKPOINT",51.415348,-2.486188,53.4,3,,135.03,,,,,,
"2025-11-15T16:30:54.551Z","TRACKPOINT",51.415436,-2.48671,54.7,3,,138.87,,,,,,
"2025-11-15T16:30:55.571Z","TRACKPOINT",51.415546,-2.487236,56.5,3,,140.6,,,,,,
"2025-11-15T16:30:56.549Z","TRACKPOINT",51.415665,-2.487763,58.5,2,,141.37,,,,,,
"2025-11-15T16:30:57.542Z","TRACKPOINT",51.415785,-2.48829,58.9,2,,140.12,,,,,,
"2025-11-15T16:30:58.548Z","TRACKPOINT",51.415893,-2.488808,58.6,2,,140.02,,,,,,
"2025-11-15T16:30:59.543Z","TRACKPOINT",51.416016,-2.489328,58.2,3,,140.48,,,,,,
"2025-11-15T16:31:00.542Z","TRACKPOINT",51.416136,-2.489849,58.6,3,,137.47,,,,,,
"2025-11-15T16:31:01.547Z","TRACKPOINT",51.416258,-2.490368,58.8,2,,140.77,,,,,,
"2025-11-15T16:31:02.546Z","TRACKPOINT",51.416385,-2.490891,58.9,2,,139.91,,,,,,
"2025-11-15T16:31:03.547Z","TRACKPOINT",51.416528,-2.491416,59.1,2,,142.96,,,,,,
"2025-11-15T16:31:04.556Z","TRACKPOINT",51.416686,-2.49195,60.1,3,,143.62,,,,,,
"2025-11-15T16:31:05.541Z","TRACKPOINT",51.416843,-2.492471,60,3,,143.5,,,,,,
"2025-11-15T16:31:06.542Z","TRACKPOINT",51.416995,-2.492975,60,3,,139.66,,,,,,
"2025-11-15T16:31:07.543Z","TRACKPOINT",51.417155,-2.493461,60.3,3,,139.57,,,,,,
"2025-11-15T16:31:08.543Z","TRACKPOINT",51.417321,-2.493963,60.3,3,,141.49,,,,,,
"2025-11-15T16:31:09.56Z","TRACKPOINT",51.417501,-2.49446,60.3,4,,141.5,,,,,,
"2025-11-15T16:31:10.541Z","TRACKPOINT",51.417719,-2.494965,60.9,3,,142.32,,,,,,
"2025-11-15T16:31:11.543Z","TRACKPOINT",51.417891,-2.495473,61.1,3,,144.19,,,,,,
"2025-11-15T16:31:12.572Z","TRACKPOINT",51.418073,-2.495963,61,3,,142.8,,,,,,
"2025-11-15T16:31:13.548Z","TRACKPOINT",51.418251,-2.49645,60.8,3,,141.55,,,,,,
"2025-11-15T16:31:14.557Z","TRACKPOINT",51.418471,-2.496923,54.4,3,,138.05,,,,,,
"2025-11-15T16:31:15.538Z","TRACKPOINT",51.418658,-2.497401,54.2,3,,140.99,,,,,,
"2025-11-15T16:31:16.547Z","TRACKPOINT",51.418886,-2.497909,46.2,3,,145.79,,,,,,
"2025-11-15T16:31:17.547Z","TRACKPOINT",51.419105,-2.498383,46.2,3,,148.84,,,,,,
"2025-11-15T16:31:18.549Z","TRACKPOINT",51.419348,-2.498855,44.2,3,,148.25,,,,,,
"2025-11-15T16:31:19.541Z","TRACKPOINT",51.41957,-2.499331,44.5,3,,146.81,,,,,,
"2025-11-15T16:31:20.544Z","TRACKPOINT",51.419785,-2.499788,44.4,3,,144.18,,,,,,
"2025-11-15T16:31:21.548Z","TRACKPOINT",51.41999,-2.500251,44.6,3,,142.12,,,,,,
"2025-11-15T16:31:22.549Z","TRACKPOINT",51.420211,-2.500709,56.8,3,,142,,,,,,
"2025-11-15T16:31:23.549Z","TRACKPOINT",51.420451,-2.501179,68.3,3,,142.06,,,,,,
"2025-11-15T16:31:24.545Z","TRACKPOINT",51.42066,-2.501646,68.5,3,,143.93,,,,,,
"2025-11-15T16:31:25.543Z","TRACKPOINT",51.420871,-2.502123,68.7,2,,142.39,,,,,,
"2025-11-15T16:31:26.572Z","TRACKPOINT",51.42108,-2.502586,68.2,2,,144.67,,,,,,
"2025-11-15T16:31:27.543Z","TRACKPOINT",51.421294,-2.503046,67.6,2,,143.99,,,,,,
"2025-11-15T16:31:28.555Z","TRACKPOINT",51.421503,-2.50349,62.7,2,,142.84,,,,,,
"2025-11-15T16:31:29.572Z","TRACKPOINT",51.421713,-2.503948,62.1,2,,145.77,,,,,,
"2025-11-15T16:31:30.542Z","TRACKPOINT",51.421928,-2.504413,61.6,2,,145.05,,,,,,
"2025-11-15T16:31:31.538Z","TRACKPOINT",51.422138,-2.50487,60.2,2,,144.25,,,,,,
"2025-11-15T16:31:32.546Z","TRACKPOINT",51.422344,-2.505325,59.5,2,,144.66,,,,,,
"2025-11-15T16:31:33.557Z","TRACKPOINT",51.422553,-2.50578,58.4,3,,144.55,,,,,,
"2025-11-15T16:31:34.567Z","TRACKPOINT",51.422761,-2.506231,56.7,3,,143.1,,,,,,
"2025-11-15T16:31:35.543Z","TRACKPOINT",51.422973,-2.506701,56.6,3,,144.95,,,,,,
"2025-11-15T16:31:36.542Z","TRACKPOINT",51.423178,-2.507153,56.5,3,,144.89,,,,,,
"2025-11-15T16:31:37.569Z","TRACKPOINT",51.423393,-2.507608,56,3,,144.78,,,,,,
"2025-11-15T16:31:38.564Z","TRACKPOINT",51.423608,-2.508055,56.1,2,,143.62,,,,,,
"2025-11-15T16:31:39.559Z","TRACKPOINT",51.423829,-2.508505,56.5,2,,145.95,,,,,,
"2025-11-15T16:31:40.558Z","TRACKPOINT",51.424038,-2.508956,57,2,,143.77,,,,,,
"2025-11-15T16:31:41.566Z","TRACKPOINT",51.424236,-2.509385,52.3,2,,141.62,,,,,,
"2025-11-15T16:31:42.571Z","TRACKPOINT",51.424455,-2.509805,51.7,3,,140.97,,,,,,
"2025-11-15T16:31:43.546Z","TRACKPOINT",51.424678,-2.51023,51.2,3,,143.37,,,,,,
"2025-11-15T16:31:44.544Z","TRACKPOINT",51.424916,-2.510658,50.5,3,,142.65,,,,,,
"2025-11-15T16:31:45.571Z","TRACKPOINT",51.425141,-2.511085,44.9,3,,144.81,,,,,,
"2025-11-15T16:31:46.547Z","TRACKPOINT",51.425391,-2.511506,44.1,3,,145.48,,,,,,
"2025-11-15T16:31:47.57Z","TRACKPOINT",51.425655,-2.511908,48,2,,144.28,,,,,,
"2025-11-15T16:31:48.554Z","TRACKPOINT",51.425931,-2.512326,54.2,3,,146.01,,,,,,
"2025-11-15T16:31:49.568Z","TRACKPOINT",51.426176,-2.512743,56.2,3,,144.79,,,,,,
"2025-11-15T16:31:50.568Z","TRACKPOINT",51.426455,-2.513161,65.9,3,,144.75,,,,,,
"2025-11-15T16:31:51.569Z","TRACKPOINT",51.426721,-2.513586,72.2,3,,144.07,,,,,,
"2025-11-15T16:31:52.566Z","TRACKPOINT",51.426976,-2.514003,75,3,,144.63,,,,,,
"2025-11-15T16:31:53.544Z","TRACKPOINT",51.427233,-2.514405,69.1,3,,143.25,,,,,,
"2025-11-15T16:31:54.558Z","TRACKPOINT",51.427468,-2.514836,68.7,3,,144.62,,,,,,
"2025-11-15T16:31:55.575Z","TRACKPOINT",51.427728,-2.515256,68.1,3,,142.75,,,,,,
"2025-11-15T16:31:56.571Z","TRACKPOINT",51.427986,-2.515671,65.6,3,,144.71,,,,,,
"2025-11-15T16:31:57.571Z","TRACKPOINT",51.428221,-2.51613,65.3,4,,144.12,,,,,,
"2025-11-15T16:31:58.575Z","TRACKPOINT",51.42843,-2.516625,66.2,3,,144.9,,,,,,
"2025-11-15T16:31:59.56Z","TRACKPOINT",51.428648,-2.517081,66.2,3,,142.88,,,,,,
"2025-11-15T16:32:00.555Z","TRACKPOINT",51.428866,-2.517541,66,3,,145.45,,,,,,
"2025-11-15T16:32:01.584Z","TRACKPOINT",51.429076,-2.51801,65.7,3,,145.05,,,,,,
"2025-11-15T16:32:02.544Z","TRACKPOINT",51.429301,-2.518485,65.2,3,,148.84,,,,,,
"2025-11-15T16:32:03.549Z","TRACKPOINT",51.429516,-2.51897,67,3,,144.08,,,,,,
"2025-11-15T16:32:04.543Z","TRACKPOINT",51.429733,-2.519448,63.7,3,,145.36,,,,,,
"2025-11-15T16:32:05.549Z","TRACKPOINT",51.429951,-2.519914,63,3,,144.99,,,,,,
"2025-11-15T16:32:06.544Z","TRACKPOINT",51.430171,-2.520378,62.8,3,,141.73,,,,,,
"2025-11-15T16:32:07.561Z","TRACKPOINT",51.430388,-2.520826,62.6,4,,143.17,,,,,,
"2025-11-15T16:32:08.544Z","TRACKPOINT",51.430645,-2.521271,61.6,4,,142.35,,,,,,
"2025-11-15T16:32:09.542Z","TRACKPOINT",51.430908,-2.521698,60.4,4,,140.07,,,,,,
"2025-11-15T16:32:10.557Z","TRACKPOINT",51.431198,-2.522106,59.2,4,,142.23,,,,,,
"2025-11-15T16:32:11.556Z","TRACKPOINT",51.431468,-2.522511,57.4,4,,142.11,,,,,,
"2025-11-15T16:32:12.57Z","TRACKPOINT",51.431731,-2.52296,55.7,4,,146.83,,,,,,
"2025-11-15T16:32:13.571Z","TRACKPOINT",51.432003,-2.523339,54.2,4,,143.29,,,,,,
"2025-11-15T16:32:14.563Z","TRACKPOINT",51.432281,-2.523726,52.7,4,,144.25,,,,,,
"2025-11-15T16:32:15.557Z","TRACKPOINT",51.432533,-2.524135,53,4,,141.87,,,,,,
"2025-11-15T16:32:16.571Z","TRACKPOINT",51.432784,-2.524533,53,3,,144.85,,,,,,
"2025-11-15T16:32:17.547Z","TRACKPOINT",51.433065,-2.52493,47,3,,146.61,,,,,,
"2025-11-15T16:32:18.543Z","TRACKPOINT",51.433329,-2.525316,39.1,3,,145.38,,,,,,
"2025-11-15T16:32:19.55Z","TRACKPOINT",51.433621,-2.525663,39.6,3,,146.06,,,,,,
"2025-11-15T16:32:20.57Z","TRACKPOINT",51.433908,-2.526016,40.2,4,,144.35,,,,,,
"2025-11-15T16:32:21.542Z","TRACKPOINT",51.434216,-2.526368,40.3,4,,144.23,,,,,,
"2025-11-15T16:32:22.552Z","TRACKPOINT",51.434521,-2.526688,40.6,3,,145.08,,,,,,
"2025-11-15T16:32:23.561Z","TRACKPOINT",51.434825,-2.526991,41.7,3,,142.56,,,,,,
"2025-11-15T16:32:24.57Z","TRACKPOINT",51.435146,-2.527271,43,3,,149.03,,,,,,
"2025-11-15T16:32:25.571Z","TRACKPOINT",51.435471,-2.527545,43.5,3,,149.41,,,,,,
"2025-11-15T16:32:26.573Z","TRACKPOINT",51.435786,-2.5278,43.1,3,,142.39,,,,,,
"2025-11-15T16:32:27.571Z","TRACKPOINT",51.436098,-2.528056,42.8,4,,142.04,,,,,,
"2025-11-15T16:32:28.573Z","TRACKPOINT",51.436409,-2.528296,42.9,4,,138.36,,,,,,
"2025-11-15T16:32:29.542Z","TRACKPOINT",51.436735,-2.528545,41.9,4,,143.38,,,,,,
"2025-11-15T16:32:30.541Z","TRACKPOINT",51.437043,-2.528811,41.3,4,,142.71,,,,,,
"2025-11-15T16:32:31.551Z","TRACKPOINT",51.437355,-2.52907,41,4,,142.07,,,,,,
"2025-11-15T16:32:41.579Z","IDLE",,,,,,,,,,,,
"2025-11-15T16:33:05.541Z","SEGMENT_START_AUTOMATIC",51.445,-2.540043,46.5,7,,109,,,,,,
"2025-11-15T16:33:06.549Z","TRACKPOINT",51.445126,-2.540373,51,6,,107,,,,,,
"2025-11-15T16:33:07.564Z","TRACKPOINT",51.445303,-2.540703,42.5,6,,108.04,,,,,,
"2025-11-15T16:33:08.557Z","TRACKPOINT",51.445454,-2.541063,38.2,6,,110.05,,,,,,
"2025-11-15T16:33:09.565Z","TRACKPOINT",51.445611,-2.54143,34.8,6,,109.65,,,,,,
"2025-11-15T16:33:19.576Z","IDLE",,,,,,,,,,,,
"2025-11-15T16:33:20.565Z","SEGMENT_START_AUTOMATIC",51.446611,-2.545161,14.4,7,,103.04,,,,,,
"2025-11-15T16:33:21.554Z","TRACKPOINT",51.446733,-2.545551,24.5,7,,104.12,,,,,,
"2025-11-15T16:33:23.57Z","TRACKPOINT",51.446958,-2.54634,31.9,44,,106.18,,,,,,
"2025-11-15T16:33:24.57Z","TRACKPOINT",51.447055,-2.546685,32.4,6,,105.79,,,,,,
"2025-11-15T16:33:25.558Z","TRACKPOINT",51.447163,-2.547056,32.2,7,,103.71,,,,,,
"2025-11-15T16:33:26.562Z","TRACKPOINT",51.447261,-2.547424,32.1,7,,101.84,,,,,,
"2025-11-15T16:33:27.556Z","TRACKPOINT",51.44734,-2.54778,32.1,7,,99.23,,,,,,
"2025-11-15T16:33:28.562Z","TRACKPOINT",51.447415,-2.548116,32.1,7,,94.9,,,,,,
"2025-11-15T16:33:29.558Z","TRACKPOINT",51.447464,-2.548473,32.2,7,,97.68,,,,,,
"2025-11-15T16:33:30.561Z","TRACKPOINT",51.447545,-2.548853,32.3,7,,97.81,,,,,,
"2025-11-15T16:33:31.558Z","TRACKPOINT",51.44762,-2.549223,32.4,7,,96.16,,,,,,
"2025-11-15T16:33:32.558Z","TRACKPOINT",51.44771,-2.549588,32.6,7,,96.8,,,,,,
"2025-11-15T16:33:33.556Z","TRACKPOINT",51.447775,-2.549961,32.8,7,,96.71,,,,,,
"2025-11-15T16:33:34.55Z","TRACKPOINT",51.44797,-2.550294,14.5,6,,101.52,,,,,,
"2025-11-15T16:33:35.555Z","TRACKPOINT",51.448026,-2.550665,14.9,6,,101.52,,,,,,
"2025-11-15T16:33:36.56Z","TRACKPOINT",51.448161,-2.551013,16.9,5,,97.81,,,,,,
"2025-11-15T16:33:37.561Z","TRACKPOINT",51.448228,-2.551416,22.7,4,,96.4,,,,,,
"2025-11-15T16:33:38.59Z","TRACKPOINT",51.448319,-2.551806,29.5,4,,98.18,,,,,,
"2025-11-15T16:33:39.54Z","TRACKPOINT",51.448378,-2.552168,30.9,4,,98.16,,,,,,
"2025-11-15T16:33:40.546Z","TRACKPOINT",51.448454,-2.552538,33.9,4,,94.8,,,,,,
"2025-11-15T16:33:41.558Z","TRACKPOINT",51.448521,-2.55292,38.5,4,,96.47,,,,,,
"2025-11-15T16:33:42.568Z","TRACKPOINT",51.448613,-2.553325,42.8,3,,99.23,,,,,,
"2025-11-15T16:33:43.551Z","TRACKPOINT",51.44869,-2.553696,45.7,3,,95.41,,,,,,
"2025-11-15T16:33:44.552Z","TRACKPOINT",51.448766,-2.554066,48.1,3,,94.78,,,,,,
"2025-11-15T16:33:45.553Z","TRACKPOINT",51.448855,-2.55444,50.8,3,,94.87,,,,,,
"2025-11-15T16:33:46.553Z","TRACKPOINT",51.448928,-2.554808,53.3,3,,92.03,,,,,,
"2025-11-15T16:33:47.566Z","TRACKPOINT",51.448999,-2.555161,54.9,3,,91.16,,,,,,
"2025-11-15T16:33:48.55Z","TRACKPOINT",51.449068,-2.555508,56.7,3,,88.62,,,,,,
"2025-11-15T16:33:49.549Z","TRACKPOINT",51.449119,-2.555818,52.5,2,,87.49,,,,,,
"2025-11-15T16:33:50.556Z","TRACKPOINT",51.449176,-2.556126,51,2,,85.09,,,,,,
"2025-11-15T16:33:51.562Z","TRACKPOINT",51.449241,-2.556438,51.2,2,,81.82,,,,,,
"2025-11-15T16:33:52.558Z","TRACKPOINT",51.449329,-2.556758,54.1,2,,83.92,,,,,,
"2025-11-15T16:33:53.56Z","TRACKPOINT",51.449388,-2.557073,54.1,2,,80.67,,,,,,
"2025-11-15T16:33:54.561Z","TRACKPOINT",51.449441,-2.557383,53.8,2,,81.18,,,,,,
"2025-11-15T16:33:55.556Z","TRACKPOINT",51.449498,-2.557688,53.4,2,,79.54,,,,,,
"2025-11-15T16:33:56.567Z","TRACKPOINT",51.449555,-2.557983,49.9,2,,77.98,,,,,,
"2025-11-15T16:33:57.558Z","TRACKPOINT",51.449613,-2.558278,49.4,2,,77.18,,,,,,
"2025-11-15T16:33:58.555Z","TRACKPOINT",51.449666,-2.558571,46,2,,73.66,,,,,,
"2025-11-15T16:33:59.565Z","TRACKPOINT",51.449726,-2.558853,45.5,2,,73.66,,,,,,
"2025-11-15T16:34:00.566Z","TRACKPOINT",51.449778,-2.559136,44.8,2,,72.45,,,,,,
"2025-11-15T16:34:01.561Z","TRACKPOINT",51.449831,-2.559418,44.8,2,,72.46,,,,,,
"2025-11-15T16:34:02.566Z","TRACKPOINT",51.449884,-2.559695,42.2,2,,69.21,,,,,,
"2025-11-15T16:34:03.569Z","TRACKPOINT",51.449929,-2.55996,41.9,2,,67.94,,,,,,
"2025-11-15T16:34:04.56Z","TRACKPOINT",51.449973,-2.560218,41.7,2,,65.13,,,,,,
"2025-11-15T16:34:05.553Z","TRACKPOINT",51.450018,-2.560456,41,2,,64.15,,,,,,
"2025-11-15T16:34:06.56Z","TRACKPOINT",51.450068,-2.560705,40.3,2,,67.06,,,,,,
"2025-11-15T16:34:07.562Z","TRACKPOINT",51.450118,-2.560953,39.8,2,,65.98,,,,,,
"2025-11-15T16:34:08.553Z","TRACKPOINT",51.450166,-2.561203,36.7,2,,66.36,,,,,,
"2025-11-15T16:34:09.559Z","TRACKPOINT",51.45021,-2.561456,36.1,2,,65.63,,,,,,
"2025-11-15T16:34:10.56Z","TRACKPOINT",51.45025,-2.561705,35.3,2,,63.42,,,,,,
"2025-11-15T16:34:11.562Z","TRACKPOINT",51.450291,-2.561954,35.1,2,,63.72,,,,,,
"2025-11-15T16:34:12.562Z","TRACKPOINT",51.450334,-2.562196,34.7,2,,61.18,,,,,,
"2025-11-15T16:34:13.563Z","TRACKPOINT",51.450379,-2.562435,35.1,2,,62,,,,,,
"2025-11-15T16:34:14.565Z","TRACKPOINT",51.45043,-2.562673,35.5,2,,62.07,,,,,,
"2025-11-15T16:34:15.564Z","TRACKPOINT",51.450498,-2.562916,42,3,,59.23,,,,,,
"2025-11-15T16:34:16.564Z","TRACKPOINT",51.450546,-2.563148,42,3,,58.05,,,,,,
"2025-11-15T16:34:17.56Z","TRACKPOINT",51.45059,-2.563363,43.8,2,,56.14,,,,,,
"2025-11-15T16:34:18.55Z","TRACKPOINT",51.450633,-2.563585,43.7,2,,57.69,,,,,,
"2025-11-15T16:34:19.572Z","TRACKPOINT",51.450671,-2.56381,43.1,2,,59.04,,,,,,
"2025-11-15T16:34:20.566Z","TRACKPOINT",51.450711,-2.56403,42.4,2,,55.26,,,,,,
"2025-11-15T16:34:21.563Z","TRACKPOINT",51.45075,-2.564241,42.2,2,,55.18,,,,,,
"2025-11-15T16:34:22.559Z","TRACKPOINT",51.450786,-2.56445,42.3,2,,55.15,,,,,,
"2025-11-15T16:34:23.567Z","TRACKPOINT",51.450823,-2.56466,46.4,2,,55.66,,,,,,
"2025-11-15T16:34:24.566Z","TRACKPOINT",51.45087,-2.564846,48.7,2,,53.78,,,,,,
"2025-11-15T16:34:25.563Z","TRACKPOINT",51.450908,-2.565028,47.6,2,,51.96,,,,,,
"2025-11-15T16:34:26.553Z","TRACKPOINT",51.450946,-2.565235,47.2,2,,52.05,,,,,,
"2025-11-15T16:34:27.554Z","TRACKPOINT",51.450985,-2.565456,47.8,2,,49.78,,,,,,
"2025-11-15T16:34:28.591Z","TRACKPOINT",51.451033,-2.565665,45.6,3,,49.79,,,,,,
"2025-11-15T16:34:29.553Z","TRACKPOINT",51.45109,-2.565889,43.5,3,,52.77,,,,,,
"2025-11-15T16:34:30.562Z","TRACKPOINT",51.451133,-2.566101,44.9,3,,51.44,,,,,,
"2025-11-15T16:34:31.564Z","TRACKPOINT",51.451171,-2.566318,45.3,3,,51.44,,,,,,
"2025-11-15T16:34:32.556Z","TRACKPOINT",51.451198,-2.566525,45.7,3,,51.51,,,,,,
"2025-11-15T16:34:33.563Z","TRACKPOINT",51.451231,-2.566713,45.8,3,,49.41,,,,,,
"2025-11-15T16:34:34.556Z","TRACKPOINT",51.451266,-2.566893,45.7,3,,47.47,,,,,,
"2025-11-15T16:34:35.566Z","TRACKPOINT",51.451298,-2.567059,45.7,3,,44.57,,,,,,
"2025-11-15T16:34:36.566Z","TRACKPOINT",51.451335,-2.567248,45.6,3,,46.58,,,,,,
"2025-11-15T16:34:37.561Z","TRACKPOINT",51.451368,-2.567448,45.6,3,,47.26,,,,,,
"2025-11-15T16:34:38.551Z","TRACKPOINT",51.451396,-2.56764,45.6,3,,47.3,,,,,,
"2025-11-15T16:34:39.555Z","TRACKPOINT",51.451429,-2.56782,45.7,3,,45.83,,,,,,
"2025-11-15T16:34:40.559Z","TRACKPOINT",51.451458,-2.568011,45.6,3,,45.78,,,,,,
"2025-11-15T16:34:41.566Z","TRACKPOINT",51.451488,-2.568201,45.4,3,,46.23,,,,,,
"2025-11-15T16:34:42.557Z","TRACKPOINT",51.451538,-2.568408,60.5,3,,46.32,,,,,,
"2025-11-15T16:34:43.559Z","TRACKPOINT",51.451566,-2.568571,60.8,3,,44.97,,,,,,
"2025-11-15T16:34:44.563Z","TRACKPOINT",51.45158,-2.568746,61,3,,47.12,,,,,,
"2025-11-15T16:34:45.551Z","TRACKPOINT",51.451586,-2.568923,59.4,3,,48,,,,,,
"2025-11-15T16:34:46.564Z","TRACKPOINT",51.451608,-2.569096,59.6,2,,47.32,,,,,,
"2025-11-15T16:34:47.553Z","TRACKPOINT",51.451621,-2.569286,60.1,2,,48.5,,,,,,
"2025-11-15T16:34:48.561Z","TRACKPOINT",51.45164,-2.569473,60.4,2,,45.68,,,,,,
"2025-11-15T16:34:49.567Z","TRACKPOINT",51.451651,-2.56965,59.7,2,,47.29,,,,,,
"2025-11-15T16:34:50.565Z","TRACKPOINT",51.451671,-2.569831,60.8,2,,46.45,,,,,,
"2025-11-15T16:34:51.556Z","TRACKPOINT",51.451689,-2.570011,60.9,2,,44.63,,,,,,
"2025-11-15T16:34:52.572Z","TRACKPOINT",51.451703,-2.57019,60.5,2,,46.01,,,,,,
"2025-11-15T16:34:53.558Z","TRACKPOINT",51.451715,-2.570373,60.4,2,,46.06,,,,,,
"2025-11-15T16:34:54.559Z","TRACKPOINT",51.451725,-2.570548,59.9,2,,43.65,,,,,,
"2025-11-15T16:34:55.548Z","TRACKPOINT",51.451741,-2.570716,59.8,2,,41.08,,,,,,
"2025-11-15T16:34:56.561Z","TRACKPOINT",51.451743,-2.570881,57.3,2,,42.64,,,,,,
"2025-11-15T16:34:57.564Z","TRACKPOINT",51.451748,-2.571055,58,2,,41.59,,,,,,
"2025-11-15T16:34:58.571Z","TRACKPOINT",51.451755,-2.571221,59,2,,40.64,,,,,,
"2025-11-15T16:34:59.567Z","TRACKPOINT",51.451761,-2.571374,59.4,2,,39.04,,,,,,
"2025-11-15T16:35:00.563Z","TRACKPOINT",51.451768,-2.571531,59.8,2,,40.26,,,,,,
"2025-11-15T16:35:01.561Z","TRACKPOINT",51.451773,-2.57169,60.6,2,,38.93,,,,,,
"2025-11-15T16:35:02.558Z","TRACKPOINT",51.451773,-2.571841,61.4,2,,38.81,,,,,,
"2025-11-15T16:35:04.565Z","TRACKPOINT",51.451773,-2.572139,59.2,2,,40.12,,,,,,
"2025-11-15T16:35:05.561Z","TRACKPOINT",51.451761,-2.572303,60.1,2,,38.94,,,,,,
"2025-11-15T16:35:06.561Z","TRACKPOINT",51.451751,-2.572454,61.6,2,,34.05,,,,,,
"2025-11-15T16:35:08.566Z","TRACKPOINT",51.451731,-2.572733,60.7,2,,35.81,,,,,,
"2025-11-15T16:35:10.57Z","TRACKPOINT",51.451704,-2.573018,60.8,2,,33.59,,,,,,
"2025-11-15T16:35:12.576Z","TRACKPOINT",51.451659,-2.573296,60.2,2,,34.71,,,,,,
"2025-11-15T16:35:14.552Z","TRACKPOINT",51.451623,-2.573551,62.4,2,,33.67,,,,,,
"2025-11-15T16:35:16.563Z","TRACKPOINT",51.45159,-2.573796,64.9,2,,32.19,,,,,,
"2025-11-15T16:35:18.55Z","TRACKPOINT",51.451558,-2.574033,66.2,2,,31.1,,,,,,
"2025-11-15T16:35:20.559Z","TRACKPOINT",51.451525,-2.574263,66.1,2,,29.88,,,,,,
"2025-11-15T16:35:22.565Z","TRACKPOINT",51.451495,-2.574496,66.4,2,,31.03,,,,,,
"2025-11-15T16:35:24.564Z","TRACKPOINT",51.451466,-2.57473,65.9,2,,32.51,,,,,,
"2025-11-15T16:35:26.554Z","TRACKPOINT",51.451428,-2.574976,65.6,2,,33.74,,,,,,
"2025-11-15T16:35:28.561Z","TRACKPOINT",51.451378,-2.575228,65,2,,31.69,,,,,,
"2025-11-15T16:35:30.562Z","TRACKPOINT",51.451328,-2.575451,64.6,2,,29.74,,,,,,
"2025-11-15T16:35:32.566Z","TRACKPOINT",51.451291,-2.575673,65.3,2,,29.67,,,,,,
"2025-11-15T16:35:34.549Z","TRACKPOINT",51.451246,-2.575905,65.5,2,,30.38,,,,,,
"2025-11-15T16:35:36.576Z","TRACKPOINT",51.451204,-2.576151,65.7,2,,31.67,,,,,,
"2025-11-15T16:35:38.558Z","TRACKPOINT",51.451168,-2.576395,66,2,,28.43,,,,,,
"2025-11-15T16:35:40.573Z","TRACKPOINT",51.451148,-2.576611,65.9,2,,26.54,,,,,,
"2025-11-15T16:35:42.556Z","TRACKPOINT",51.451128,-2.5768,65.2,3,,24.61,,,,,,
"2025-11-15T16:35:44.586Z","TRACKPOINT",51.45113,-2.576993,66.6,3,,24.42,,,,,,
"2025-11-15T16:35:46.569Z","TRACKPOINT",51.451156,-2.577178,72.8,3,,27.21,,,,,,
"2025-11-15T16:35:48.568Z","TRACKPOINT",51.451143,-2.577376,73,3,,25.98,,,,,,
"2025-11-15T16:35:50.558Z","TRACKPOINT",51.45111,-2.577583,73,3,,27.63,,,,,,
"2025-11-15T16:35:52.561Z","TRACKPOINT",51.451069,-2.577773,73.7,3,,25.91,,,,,,
"2025-11-15T16:35:54.568Z","TRACKPOINT",51.451026,-2.577963,74.4,3,,26.36,,,,,,
"2025-11-15T16:35:56.562Z","TRACKPOINT",51.45095,-2.578108,74.7,3,,23.76,,,,,,
"2025-11-15T16:35:58.568Z","TRACKPOINT",51.4509,-2.578235,75.6,3,,23.47,,,,,,
"2025-11-15T16:36:00.562Z","TRACKPOINT",51.450823,-2.578401,76.6,3,,26.3,,,,,,
"2025-11-15T16:36:02.55Z","TRACKPOINT",51.450709,-2.578541,77.4,3,,26.46,,,,,,
"2025-11-15T16:36:04.566Z","TRACKPOINT",51.45058,-2.578671,77.5,3,,24.29,,,,,,
"2025-11-15T16:36:06.552Z","TRACKPOINT",51.450471,-2.578789,78.8,3,,24.29,,,,,,
"2025-11-15T16:36:08.55Z","TRACKPOINT",51.450366,-2.578901,79.3,3,,22.47,,,,,,
"2025-11-15T16:36:10.563Z","TRACKPOINT",51.450259,-2.579003,74.9,3,,25.45,,,,,,
"2025-11-15T16:36:12.545Z","TRACKPOINT",51.45015,-2.57908,75.2,3,,23.25,,,,,,
"2025-11-15T16:36:14.559Z","TRACKPOINT",51.45005,-2.579143,75.5,3,,23.17,,,,,,
"2025-11-15T16:36:16.557Z","TRACKPOINT",51.449953,-2.579206,76,3,,21.13,,,,,,
"2025-11-15T16:36:18.561Z","TRACKPOINT",51.44986,-2.579275,76.3,3,,18.82,,,,,,
"2025-11-15T16:36:20.559Z","TRACKPOINT",51.449771,-2.579351,76.9,3,,16.18,,,,,,
"2025-11-15T16:36:22.554Z","TRACKPOINT",51.449681,-2.57937,77.4,3,,15.82,,,,,,
"2025-11-15T16:36:26.553Z","TRACKPOINT",51.449584,-2.579393,77.8,3,,9.8,,,,,,
"2025-11-15T16:36:29.561Z","TRACKPOINT",51.44949,-2.579363,75.6,3,,6.82,,,,,,
"2025-11-15T16:36:36.571Z","TRACKPOINT",51.449386,-2.579341,77.3,4,,5.45,,,,,,
"2025-11-15T16:36:37.573Z","TRACKPOINT",51.449373,-2.579341,77.5,4,,4.77,,,,,,
"2025-11-15T16:36:46.586Z","IDLE",,,,,,,,,,,,
"2025-11-15T16:37:40.574Z","TRACKPOINT",51.449323,-2.579513,62.5,2,,4.81,,,,,,
"2025-11-15T16:37:50.572Z","TRACKPOINT",51.449271,-2.579485,63.5,5,,0,,,,,,
"2025-11-15T16:37:50.588Z","IDLE",51.449271,-2.579485,63.5,5,,0,,,,,,
"2025-11-15T16:41:46.616Z","SEGMENT_END_MANUAL",,,,,,,,,,,,
